subdomain,domain,tld,path_rest,url_length,path_rest_length,num_spcs_chars,domain_entropy,domain_age,created_year,updated_year,expires_year,country_code
br,maniaecco.com.br,br,p/www.paypal.com/Login.htm,43,26,0,3.202819531114783,,,,,
tc,fidelidadebrasil.com.br.tc,tc,,27,0,0,3.6902603909683838,304.0,2022,,2023,
be,www.plongeearlon.be,be,media/cache/site07/www.cielo.com.br/index.html,66,46,0,3.3263604079526936,5391.0,Thu ,,,
com,www.cemilanenak.com,com,wp-includes/css/asb.co.nz.ASBWebHome/index.html,67,47,0,3.366091329119192,707.0,2021,2022,2023,US
ru,www.tplastic.ru,ru,einelogin.php,29,13,0,3.32323142879762,7425.0,2003,,2024,
de,ppservice.pf-control.de,de,,24,0,0,3.7622673906514947,,,2023,,
com,britneybrooks.com,com,SecurityMeasure.html,38,20,0,3.572469458770136,174.0,2023,2023,2024,US
com,paypal1.hebergratuit.com,com,webscr/,32,7,0,3.9701755214643453,5639.0,2008,2023,2024,US
com,www.caisdeabrigo.com,com,wp-includes/js/jquery/jquery/onlinebanking.bofa.com=logon_confirm/index.php,96,75,0,3.584183719779189,41.0,2023,2023,2023,US
com,www.diamondcitynews.com,com,logs/www.paypal.com/,44,20,0,3.567040216926579,4841.0,2010,2023,2024,US
com,fanonconsulting.com,com,dhjhjshs/login.htm,38,18,0,3.4713544870139277,,,,,
biz,claukrup.biz,biz,hostdispatch.php?ctr_=mcDatDE&amp;sdr01=Z3V0ZHVicmF1QHQtb25saW5lLmRl,81,68,0,3.418295834054489,,,,,
np,bspnepal.org.np,np,images/banners/PayPal.com/limitation/profile.htm,64,48,0,3.323231428797621,19559.0,1970,2001,,
br,luciodiaenoite.com.br,br,novo/galeria/templates/default/img/,57,35,0,3.653756708287001,4341.0,2011,2022,2023,
com,fluchinfos.com,com,manageaccounts&amp;jsupein=europ_land&amp;and=349034902hjks138934j2cTq1vser9l6xw-serv-Einloggen&amp;sessions&amp;jseuropfindreupdat&amp;&amp;serv/metacc=deload-45480704/websrc.php?session.start,208,193,0,3.378783493486176,,,,,
in,neesatechnologies.co.in,in,make/bo/,32,8,0,3.414441303694973,,,,,
biz,claukrus.biz,biz,hostdispatch.php?ctr_=mcDatDE&amp;sdr01=YnJ1bm8tZmlzY2hsZXJAd2ViLmRl,81,68,0,3.418295834054489,,,,,
com,akidsheart.com,com,intl/update/webscr2.php,38,23,0,3.6644977792004623,8554.0,2000,2023,2033,US
br,luciodiaenoite.com.br,br,novo/galeria/templates/default/css/menu.html,66,44,0,3.653756708287001,4341.0,2011,2022,2023,
com,dilcode.com,com,paypal/wbsccr.php,29,17,0,2.9139770731827523,,,,,
fr,www.carnetdejardins.fr,fr,administrator/templates/khepri/images/plugins.php?plugins.jpg,84,61,0,3.5726236638951634,4679.0,2010,2022,2023,
com,cirter.com,com,Dk,13,2,0,2.9219280948873623,8205.0,2001,2023,2026,FR
com,negomatisma.com,com,tmp/ww3.update.de=session-Twbp7zjxg1amhln96922/servers.update.de/cmd_login=e67fyd382ghavsr/11032/cmd=_home&country_lang.x=true/date=20120702/websrc.html?cmd=_login-run,183,167,0,3.32323142879762,,,,,
cl,www.mariachiserenatas.cl,cl,templates/Ser-ici/index.html,53,28,0,3.5535088547976788,,,,,
info,dhl-kunden.info,info,,16,0,0,3.4565647621309536,,,,,
net,vintageknittingpatterns.net,net,wp-content/plugins/stats/https/www.paypal.com/nl/,77,49,0,3.250102669456407,,,,,
com,uckadojo.com,com,includes/classes/sample.htm,40,27,0,3.0220552088742,7025.0,2004,2023,2025,US
ph,www.pnc.net.ph,ph,wp-content/themes/pnc/css/nab/myform.html,56,41,0,2.8423709931771093,,,,,PH
org,mrt-gov.org,org,webmail-administrator_restore.html,46,34,0,2.9139770731827523,,,,,
ch,music-network.ch,ch,videos/index.html,34,17,0,3.875,,,,,
com,www.edgarnet.com,com,,17,0,0,3.452819531114783,2956.0,2015,2020,2025,US
nl,ptcsitegptc.blogspot.nl,nl,p/paypal.html,37,13,0,3.447262499441211,7497.0,2003,2021,,
com,www.yayasantazakka.com,com,root/,28,5,0,3.2655833228877325,,,,,
com,fluchinfos.com,com,manageaccounts&jsupein=europ_land&and=349034902hjks138934y3Tje8kq4uzghvc-serv-Einloggen&sessions&jseuropfindreupdat&&serv/metacc=deload-92862739/websrc.php?session.start,184,169,0,3.378783493486176,,,,,
br,comunidadearquitetura.com.br,br,modules/mod_acepolls/Cielo/,56,27,0,3.7264741182543752,,,,,
ru,www.tvyanaul.ru,ru,plugins/editors/xstandard/file/1.htm,52,36,0,3.1898980954642875,,,,,
ru,www.tvyanaul.ru,ru,media/system/swf/index/1.htm,44,28,0,3.1898980954642875,,,,,
ru,www.tvyanaul.ru,ru,logs/reas/1.htm,31,15,0,3.1898980954642875,,,,,
ru,www.tvyanaul.ru,ru,administrator/cache/voda/1.htm,46,30,0,3.1898980954642875,,,,,
ru,www.tvyanaul.ru,ru,administrator/components/index/1.htm,52,36,0,3.1898980954642875,,,,,
net,paypal.com.co.cgi-bin.webscr.cmd.home.general.nav.0.instruimos.net,net,pp/,70,3,0,4.159660115833491,4145.0,2012,2020,2025,CO
ro,alexbucatarladomiciliu.ro,ro,wp-includes/js/jcrop/www.telstra.com.au/Billing/Action/Payment/Onlinepayment/Update/login.php,119,93,0,3.6234651896016468,,,,,
tk,www.battlescape-staff.tk,tk,,25,0,0,3.5220552088742005,,,,,
it,comelosempre.xoom.it,it,html/aguarde/index/click.php,49,28,0,3.346439344671015,,,,,
at,www.oisternig.at,at,administrator/templates/khepri/images/ita.jpg/index2.php,73,56,0,3.327819531114783,,,2017,,AT
org,alabamaderm.org,org,administrator/templates/khepri/images/toolbar/plugins.php,73,57,0,3.1068905956085184,5285.0,2009,2023,2024,US
com,atvenduro-majevica.com,com,www.paypal.com/,38,15,0,3.788754913993503,,,,,
cl,'www.autopart.cl,cl,shop/dk/Opret\%20din\%20kode\%20til\%20Verified\%20by\%20Visa\%20eller\%20MasterCard_\%ae\%20SecureCode.html',126,109,10,3.327819531114783,,,,,
com,grooveystore.com,com,home/includes/Http.html,40,23,0,3.25,,,,,
se,webbshop.bastuochbadtunna.se,se,mails/en/paypal.com/backup/,56,27,0,3.682005814760214,,,,,
com,www.brolltools.com,com,wp-content/themes/grid_focus/js/scriptsmtp.php,65,46,0,3.086048612313038,5050.0,2009,2022,2023,US
ru,bagsu.ru,ru,modules/update/service/internal.php,44,35,0,2.75,2579.0,2016,,2024,
com,grooveystore.com,com,home/uk/wric-cmd-login.run=5885d80a13c0db0254jh1f8e263663d3faee8d8494db9c6480bb01a15/uk-ok/uk/cycgi-bin/1/,123,106,0,3.25,,,,,
com,fluchinfos.com,com,manageaccounts&jsupein=europ_land&and=349034902hjks1389345adrzbu8cqmhs3g-serv-Einloggen&sessions&jseuropfindreupdat&&serv/metacc=deload-86445278/websrc.php?session.start,184,169,0,3.378783493486176,,,,,
com,fluchinfos.com,com,manageaccounts&jsupein=europ_land&and=349034902hjks138934sxTu4rz75jw9ld2-serv-Einloggen&sessions&jseuropfindreupdat&&serv/metacc=deload-36906758/websrc.php?session.start,184,169,0,3.378783493486176,,,,,
com,fluchinfos.com,com,manageaccounts&jsupein=europ_land&and=349034902hjks1389347pvu2le94r815fc-serv-Einloggen&sessions&jseuropfindreupdat&&serv/metacc=deload-24287863/websrc.php?session.start,184,169,0,3.378783493486176,,,,,
com,hmu031087.chinaw3.com,com,redirecttourl3/&sessionfslgsdgouiijfdg45OirtgLdfougdredite345_iphjsdiuyrtbndf534jkghd/,108,86,0,3.820888851350188,8573.0,2000,2023,2024,GB
com,halosmarketinggroup.com,com,.paypal.com/webscrcmd=_login-submit&dispatch=5885d80a13c0db1f8e263663d3faee8d422be6d275c375afb284863ba74d6cUS/login,139,115,0,3.969001629875993,,,,,
com,www.swissloginnach.com,com,,22,0,0,3.4251185503571393,,,,,
com,leduo80.com,com,ppl/Paypal.it/forms/windhoek_tours/165436d88c740d365db9ee73a97484ac/Processing.htm?cmd=_Processing&dispatch=5885d80a13c0db1fb6947b0aeae66fdbfb2119927117e3a6f876e0fd34af43652b3b7b0035160bbf6245770cff4b50c62b3b7b0035160bbf6245770cff4b50c6,248,236,0,3.277613436819116,,,,,
com,leduo80.com,com,ppl/Paypal.it/forms/windhoek_tours/asp.php,54,42,0,3.277613436819116,,,,,
br,www.facciniserigrafia.com.br,br,loja/images/information/cgi-bin/webscr.cmd=_login-run.php?dispatch=5885d80a13c0db1f998ca054efbdf2c29878a435fe324eec2511727fbf3e9efc,160,131,0,3.601125010956985,,,,,
ca,careface.guire.ca,ca,.www.paypal.co.uk/login/login.html?webscr=cmd_login??run&dispatch=5885d80a13c0db1f8e263663d3faee8d43b1bb6ca6ed6d454adc375ba2d28b99,148,130,0,3.0130709291038453,6354.0,2006,2023,2024,
org,www.michaeln.org,org,www.amazon.com/?user=enIxaW5jQG1zbi5jb20,57,40,0,3.577819531114783,273.0,2022,2023,2023,IS
com,paypal-verificaton.yolasite.com,com,,32,0,0,3.937751955408586,,,,,
be,www.plongeearlon.be,be,modules/cache/upload/site/www.cielo.com.br/,63,43,0,3.3263604079526936,5391.0,Thu ,,,
be,www.plongeearlon.be,be,plugins/tmp/user/cadastrar.php,50,30,0,3.3263604079526936,5391.0,Thu ,,,
us,annuityleadsnow.us,us,paypal/13a1f7b477591fe3834dee2684fadec9/index1.html,70,51,0,3.5724312513221195,,,,,
com,formacionmedicaonline.com,com,wp-includes/js/jquery/ui/1/drwxr/sais.php?id=134706444&amp;lienAct1on=aj0ut&amp;adrUtilIdC0mpte=77722507,130,104,0,3.4030741894285694,1228.0,2020,2023,2024,US
net,claukrups.net,net,Z29vc2UzM0B0LW9ubGluZS5kZQ==/DEsdR/cgi4xb5vmegsw73p96,67,53,0,3.5465935642949384,,,,,
com,terixlabs.com,com,pay-pal-uk/webscr/index.php,41,27,0,3.7004397181410926,5235.0,2009,2022,2025,US
com,www.murciatoros.com,com,tmp/paypal/cgi-bin/webscrcmd.login-processing/cmdverification.creditcard-/198.245.157.263/webscr.php?cmd=_login-run&dispatch=5885d80a13c0db1f998ca054efbdf2c29878a435fe324eec2511727fbf3e9efc642949ad93bff9eec5bdce64de6457c4642949ad93bff9eec5bdce64de6457c4/,274,254,0,3.326360407952693,290.0,2022,2022,2023,ES
com,churchvillepreschool.com,com,images/,32,7,0,3.4906015629507228,,,,,
com,churchvillepreschool.com,com,images/Termine.php?cmd=run&dispatch=5885d8sdf0a13c0db1f998ca054efbdsdff2c29878a435fe324eec2511727fbf3e9efcd86efd596179f77f4c670edd9e1916e4d86efd596179f77f4c67d0edd9dfde1916e4,199,174,0,3.4906015629507228,,,,,
np,youthaction.org.np,np,libraries/pattemplate/patTemplate/Modifier/HTML/webscr=cmd/login-done/login_access=1338227471/profile.htm,124,105,0,3.5724312513221195,19559.0,1970,2001,,
fr,www.google.fr,fr,url?sa=t&amp;rct=j&amp;q=&amp;esrc=s&amp;source=web&amp;cd=2&amp;sqi=2&amp;ved=0CFAQFjAB&amp;url=inchelseahairdesign.com/testimonials/&amp;ei=YDTeT6iwEYa58gOQzbTNCw&amp;usg=AFQjCNFvCHm-vR4Tw-9tLAmt1uLbKGczGA&amp;sig2=ba7yVjCgDBQCuFPZsxczPQ,253,239,0,2.873140679513133,8395.0,2000,2022,2023,IE
com,paypal.com.us.webscr.cgibin.cmd.account.restore.persianempirelongtimeago.com,com,us,79,2,0,4.020422173599001,,,,,
cl,www.juegosdeentretencion.cl,cl,~andy/wbsccr.php?cmd=_processing&dispatch=5885d80a13c0db1fb6947b0aeae66fdbfb2119927117e3a6f876e0fd34af4365fac4abfca2fedc28c2b688c391036938fac4abfca2fedc28c2b688c391036938,198,170,1,3.676390632579627,5715.0,2007,,2023,
com,www.meta-tube.com,com,~andy/wbsccr.php?cmd=_processing&dispatch=5885d80a13c0db1fb6947b0aeae66fdbfb2119927117e3a6f876e0fd34af4365fac4abfca2fedc28c2b688c391036938fac4abfca2fedc28c2b688c391036938,188,170,1,3.3371753411230776,656.0,2021,2022,2023,US
com,sushilcheema.com,com,charge_deposit_fnb_payee/index.php,51,34,0,3.375,2774.0,2015,2022,2023,US
uk,www.paypal.co.uk,uk,helpcenter/open_dispute,40,23,0,3.1556390622295662,8597.0,06-J,05-D,06-J,
com,www.visit-ulcinj.com,com,wp-content/uploads/2012/06/?/visa/index.php,64,43,0,3.6464393446710153,5923.0,2007,2023,2024,CH
com,www.visit-ulcinj.com,com,wp-content/uploads/2012/06/?/sales/index.php,65,44,0,3.6464393446710153,5923.0,2007,2023,2024,CH
com,feliz.mireene.com,com,Updatevodafoneeeaccouunt-dispatachmnnn.html,61,43,0,3.2639334294856344,7027.0,2004,2021,2026,KR
net,jeberti.net,net,libraries/openid/onlinebilling/webedge/myaccount/ssoinit/billingpayment/secureHelp/ID192839JDk61/,109,97,0,2.8453509366224368,928.0,2021,2023,2024,US
com,norman-staff.yolasite.com,com,,26,0,0,3.783465189601646,,,,,
com,www.norman-staff.yolasite.com,com,,29,0,0,3.8573068568981284,,,,,
fr,'www.google.fr,fr,url?sa=t&amp;rct=j&amp;q=&amp;esrc=s&amp;source=web&amp;cd=2&amp;sqi=2&amp;ved=0CFAQFjAB&amp;url=http\%3A\%2F\%2Finchelseahairdesign.com\%2Ftestimonials\%2F&amp;ei=YDTeT6iwEYa58gOQzbTNCw&amp;usg=AFQjCNFvCHm-vR4Tw-9tLAmt1uLbKGczGA&amp;sig2=ba7yVjCgDBQCuFPZsxczPQ',277,262,5,3.039148671903072,,,,,
com,teachchiros.com,com,www.paypal.fr/,30,14,0,3.3232314287976203,5399.0,2008,2022,2024,US
com,www.paypal.com.cgi-bin-webscr-cmd-login-submit-dispatch-5885d80a13c0d.b1f8e263663d3.faee8d8494db9703d2.95b4a2116480ee0.1a05c8e263668.d8494db9703d29.5b4a213d3faee.8d8494db9703d.295b4a21164.80ee01a077777.loft206.com,com,your-account/updating/uptodate/Limit100/,254,40,0,4.694619716498399,1040.0,2020,2022,2023,US
in,fdssssssssssssssss.blogspot.in,in,,31,0,0,2.457328318899993,1122.0,2020,2023,2024,US
net,xgoex17.x90x.net,net,bs/index.html,30,13,0,3.25,4637.0,2010,2022,2023,US
com,www.waterlandasiafood.com,com,plugins/editors-xtd/fadi.php,54,28,0,3.653660689688185,,,,,
tk,www.battlescape-mods.tk,tk,,24,0,0,3.7622673906514947,,,,,
tk,'www.service-runescape.tk,tk,"forums.ws?14,15,45,63835296'",54,28,0,3.8136606896881844,,,,,
br,twiltter.com.br,br,,16,0,0,3.3232314287976203,,,,,
com,paypal.com.cgi.bin.webscr.cmd.login.submit.dispatch.0288a7tdb5l628.87l3t3971564287.maaslari.com,com,,96,0,0,4.553655019871208,4441.0,2011,2022,2024,CA
info,vprimas.info,info,sess=62370/cgi-skm26qp5u9gTnzb/mcNdxDE2f7jrz4nqsTp5vc/dt=20120627/sdr01/anVlc3RhYnNAYXJjb3IuZGUMessage-ID:,119,106,0,3.418295834054489,,,,,
cn,giffa.org.cn,cn,secure.paypal.html?https:/www.paypal.co.uk,55,42,0,3.0849625007211556,8045.0,2001,,2024,
hu,users.atw.hu,hu,paypal-/,21,8,0,3.0849625007211556,7349.0,2003,,,
com,sushilcheema.com,com,charge_deposit_fnb_paye/index.php,50,33,0,3.375,2774.0,2015,2022,2023,US
com,sushilcheema.com,com,charge_deposit_fnb_paid5/index.php,51,34,0,3.375,2774.0,2015,2022,2023,US
com,sushilcheema.com,com,charge_deposit_fnb_paid4/index.php,51,34,0,3.375,2774.0,2015,2022,2023,US
com,sushilcheema.com,com,charge_deposit_fnb_paid/index.php,50,33,0,3.375,2774.0,2015,2022,2023,US
com,sushilcheema.com,com,charge_deposit_fnb_pays/index.php,50,33,0,3.375,2774.0,2015,2022,2023,US
com,fluchinfos.com,com,manageaccounts&jsupein=europ_land&and=349034902hjks138934zk6x4uqcd5rw1gf-serv-Einloggen&sessions&jseuropfindreupdat&&serv/metacc=deload-67122734/websrc.php?session.start,184,169,0,3.378783493486176,,,,,
info,pal-supmail.info,info,PAYPAL.de/add-Confirm/index.php,48,31,0,3.5,,,,,
org,help.confirm.paypal.com.cgi.bin.webscr.cmd.login.submit.dispatch.c13c0dn63663d3faee8db2b24f7ld6c338b1d9d2.resean.org,org,webscr_cmd_home&amp;country_lang.x=true/webscr_cmd_home/,173,56,0,4.580756125976823,989.0,2020,2022,2023,NE
com,paypal.com.us.webscr.cgibin.cmd.account.restore.persianempirelongtimeago.com,com,us/,80,3,0,4.020422173599001,,,,,
com,www.megapromotorabr.com,com,promo/images/fidelidade/,48,24,0,3.381620107948735,,,,,
com,www.megapromotorabr.com,com,promo/images/index.php,46,22,0,3.381620107948735,,,,,
com,www.megapromotorabr.com,com,promo/images/,37,13,0,3.381620107948735,,,,,
net,houasb.phpforms.net,net,view_forms/view/5f5a8bef64,46,26,0,3.7216117239699,,,,,
com,mp.apmebf.com,com,ad/ck/3484-154671-8030-0?cm4=538422377&amp;cm5=566897899&amp;cm6=Newsletter_&amp;mpro=www.paypal.com/de/cgi-bin/webscr?cmd=_registration-run&amp;host=altfarm.mediaplex.com,185,171,0,3.0269868333592873,7045.0,2004,2023,2024,US
to,beam.to,to,2292a,13,5,0,2.807354922057604,,,,,
fr,www.a-systems.fr,fr,fck_editor/dialog/fck_about/ns.html,52,35,0,3.2806390622295662,4844.0,2010,2022,2023,FR
ly,bit.ly,ly,MS3KeW,13,6,0,2.584962500721156,5543.0,2008,2022,2032,US
net,bulstar.net,net,log/iTokenSincronizacao2012-2.01/,45,33,0,3.277613436819116,,,,,
net,bulstar.net,net,log/iTokenSincronizacao2012-2.01/index.php,54,42,0,3.277613436819116,,,,,
com,eujuliano.com,com,signnownow/index.html.htm,39,25,0,3.3927474104487847,,,,,
tk,secure-ruiniescape-weblogin.tk,tk,,31,0,0,3.961406329721843,,,,,
co,lnk.co,co,I12D7,12,5,0,2.584962500721156,4707.0,2010,2022,2023,US
net,whitings.net,net,paypal-us/Confirm.php?cmd=_login-run&dispatch=5885d80a13c0db1f998ca054efbdf2c29878a435fe324eec2511727fbf3e9efcd8,125,112,0,3.0849625007211556,,,,,
com,eujuliano.com,com,signnow/index.html.htm,36,22,0,3.3927474104487847,,,,,
com,karlin-mastrindo.com,com,paypal/,28,7,0,3.721928094887362,6526.0,2005,2020,2025,ID
tf,viewingst.at.tf,tf,,16,0,0,3.3232314287976212,8607.0,1999,2022,2023,
am,www.mashtots.nk.am,am,images/photos/sites/USA/ntasa/4d853538484d853538439384d84d85353844d853535353843ae3ae091d0d3faee8d938/polc.htm?d80a13c0db1f8e263663d3faee8d9384d85353843a619606282818e091d0b4d4b5138f23236390b482919669cab4b4d4b5138f23236390b482919669cab4,253,234,0,3.1971597234241487,8820.0,1999,2023,2024,AM
tk,'secure-runescape-forums-iogin.tk,tk,"forum.runescape.com/forums.ws?14,15,767,63813362'",83,49,0,3.98319563424773,,1999,2023,2024,AM
au,virtuetbs.com.au,au,wp-content/uploads/2012/05/login/to/your/account/and/save/your/actuale/visa.dk/,96,79,0,3.625,,,2022,,
au,virtuetbs.com.au,au,wp-content/uploads/2012/05/login/to/your/account/and/save/your/actuale/paypal.com.au/rafa/webscr.htm?cmd=SignIn&co_partnerId=2&pUserId=&siteid=0&pageType=&pa1=&i1=&bshowgif=&UsingSSL=&ru=&pp=&pa2=&errmsg=&runameMessage-ID:,239,222,0,3.625,,,2022,,
za,www.ibhele.co.za,za,language/ca/ssl218/dispatch-5885d80a13c0db1f22d2300ef60a6759516e590e949da361fd1b680561e9552a/ssl218.site/webscr.php?cmd=_login-run,147,130,0,3.2806390622295662,,,,,
net,'home.comcast.net,net,~co80132/encrypt5885d80a13c0db1f8e263663d3fa.html?vid=Z2xJIscpuj\%\%202Bo=&action=validate23442',114,96,3,3.381580488309164,,,,,
tk,'runescape-forums-form-us.tk,tk,"forum.runescape.com/forums.ws?14,15,767,63813362'",78,49,0,3.842370993177109,,,,,
to,beam.to,to,3101,12,4,0,2.807354922057604,,,,,
com,www.habbofullcreditosgratis.blogspot.com,com,,41,0,0,4.068453957701921,,,,,
com,www.sites.google.com,com,site/sulakespainslu/,41,20,0,3.3086949695628416,9440.0,1997,2019,2028,US
com,crditg-ratuit.yolasite.com,com,,27,0,0,3.8252517372886508,,,,,
com,generateurdecreditshabbo.yolasite.com,com,,38,0,0,3.9519040409537936,,,,,
com,creme-dream.cabanova.com,com,,25,0,0,3.4072682296173897,8138.0,2001,2023,2024,RO
com,www.creme-dream.cabanova.com,com,,29,0,0,3.5296964395284136,8138.0,2001,2023,2024,RO
com,habbocommandecredit.yolasite.com,com,,33,0,0,3.8431390622295662,,,,,
tk,www.habbuoextra.tk,tk,,19,0,0,3.4613201402110083,,,,,
tk,www.habbocreditossgratiss.tk,tk,,29,0,0,3.7534343861887853,,,,,
cn,giffa.org.cn,cn,secure.redirect.html?www.paypal.co.uk,50,37,0,3.0849625007211556,8045.0,2001,,2024,
com,dogoodbiz.com,com,wp-includes/theme-compat/login.html,49,35,0,2.9312089489103235,5238.0,2009,2022,2024,
cn,giffa.org.cn,cn,redirect.paypal.html?www.paypal.co.uk,50,37,0,3.0849625007211556,8045.0,2001,,2024,
net,www.rbsprivate.net,net,,19,0,0,3.4613201402110083,4043.0,2012,2023,2024,GB
il,steamforyou.txt.co.il,il,,22,0,0,3.7130477796125496,,,,,
com,fluchinfos.com,com,manageaccounts&jsupein=europ_land&and=349034902hjks138934b8l3adn5wp7qhsc-serv-Einloggen&sessions&jseuropfindreupdat&&serv/metacc=deload-14701659/websrc.php?session.start,184,169,0,3.378783493486176,,,,,
com,islandriverkwai.com,com,sa/www.paypal.com/us/cgi-bin/webscr.php,59,39,0,3.787143960698138,,,,,
com,www.hindutemplestjohns.com,com,www/paypal/6523844b8e889d918cd36c36a0a8da58/,71,44,0,3.902174814211728,,,,,
com,www.hindutemplestjohns.com,com,paypal/USA.php,41,14,0,3.902174814211728,,,,,
com,card.rel7.com,com,,14,0,0,3.238901256602631,1724.0,2018,2022,2023,US
au,www.thinkingdimensions.com.au,au,~anderson/fr/1/fr/undispatch=fr5885d80a13c0db1fb6947b0aeae66fdbfb211992745955/erreur.htm?cmd=_error_login-run&dispatch=5885d80a13c0db1fb6947b0aeae66fdbfb2119927117e3a6f876e0fd34af436580c63a156ebffe89e7779ac84ebf634880c63a156ebffe89e7779ac84ebf6348,277,247,1,3.771437029461126,,,,,
in,www.amstudio.co.in,in,wp-admin/css/Go.php,38,19,0,3.419381945646371,1750.0,2018,2022,2025,IN
ru,explosaodevendas.1gb.ru,ru,,24,0,0,3.8820451081368628,7830.0,2002,,2024,
com,'login.paypal.com.ummiecollections.com,com,Nouveau\%20dossier/',59,20,1,3.764650461427788,,2002,,2024,
in,hindropes.in,in,,13,0,0,3.2516291673878226,,,,,
ru,atendimen897.h19.ru,ru,3909242384239042384902/,43,23,0,3.826874881864637,6858.0,2004,,2023,
com,dicasnaturais.com,com,libraries/pear/archive_tar/-/www.bradesco.com.br,66,48,0,3.4548223999466066,3158.0,2014,2021,2025,US
org,u298261.sendgrid.org,org,wf/click?upn=1DvF8kENxeKnE1SQZlHC5vZlYLH1Ti4LsnMSTolegGHG6xWSWmJFenTT-2Bq8tx-2BCBVf4Dl8weCRRZs1XAqsPV8A-3D-3D_-2F7xh5kzFieizLC1sFIHo0GGGlYbFnSAz3BkD3lv4hW9vaRLvmVNBS6Av4LVgJ87cM9MtXwaYi0OEtWZ92gGnS5iJKRC7FIbAMVfYwfn-2FqT95mbW1emXDPvezuk7sEClOJHtJ0bcKLQNfZFrv-2BKrl3sEdoWtW60OWuSkSXO051HU-3D,311,290,0,3.8219280948873617,5205.0,2009,2022,2027,US
com,dichvudaugia.com,com,home/language/2012/www.itau.com.br/iToken/,59,42,0,3.375,2573.0,2016,2022,2023,US
br,www.areaclienteseg.com.br,br,Cadastro/cadastro.html,48,22,0,3.7034651896016455,,,,,
com,rabwahn.e10host.com,com,deposit_sec.infor/capitec_dhglk/data_PNew/,62,42,0,3.8268748818646365,4547.0,2011,2023,2024,CA
su,cmendgtit970446901.krovatka.su,su,UK_Commercial_Trucks&hash=item2a1d4eaf72&PHPSESSID=e6cbfb59301d9f9ed0212a4d9b9498f5&PHPSESSID=d50bf459580d1a17ccca469139db805880880322418pt=UK_Commercial_Trucks&hash=item2a1d4eaf72&PHPSESSID=e6cbfb59301.html,238,207,0,4.348394345536403,6094.0,2006,,2023,
su,qipdscview0908686980.krovatka.su,su,80880322418pt=UK_Commercial_Trucks&hash=item2a1d4eaf72&PHPSESSID=e6cbfb59301d9f9ed0212a4d9b9498f5&PHPSESSID=d50bf459580d1a17ccca469139db805880880322418pt=UK_Commercial_Trucks&hash=item2a1d4eaf72&PHPSESSID=e6cbfb59301.html,254,221,0,4.202819531114783,6094.0,2006,,2023,
co,lnk.co,co,I11NK,12,5,0,2.584962500721156,4707.0,2010,2022,2023,US
com,'login.paypal.com.ummiecollections.com,com,Nouveau\%20dossier/webscr.htm?cmd=_login-run&dispatch=5885d80a13c0db1f998ca054efbdf2c29878a435fe324eec2511727fbf3e9efcd8',160,121,1,3.764650461427788,,2010,2022,2023,US
com,www.basketmaniacs.com,com,plugins/tmp/cliente-Cielo/,48,26,0,3.5585186130489057,2453.0,2016,2022,2024,GR
com,www.osnproperty.com,com,verify1.php,31,11,0,3.43162356584743,5638.0,2008,2023,2024,IE
com,www.paypal.com.cgi-bin.webscr.login.dispatch.5885d80a13c0db1f8e263663d3faee8d8494db9703d295.sportingrants.com,com,webscr.htm?cmd=_login-run&dispatch=5885d80a13c0db1f998ca054efbdf2c29878a435fe324eec2511727fbf3e9efcd8,211,101,0,4.7570501234523155,,,,,
de,clickandbuy.elaine-asp.de,de,go/503147e3/7ftajglq,46,20,0,3.783465189601646,,,2023,,
com,mezzofoods.com,com,includes/classes/InlandRevenue-TaxRefund/allaccounts/nbnz/secure.nbnz.co.nz.php,94,79,0,2.950212064914747,,,,,
com,mezzofoods.com,com,includes/classes/InlandRevenue-TaxRefund/allaccounts/bankofboaroda/bankofbaroda.htm,98,83,0,2.950212064914747,,,,,
com,www.cincinnatipetfoodpantry.com,com,..paypal.Inc.www.paypal.com/us/cgi-bin/webscr.html,82,50,0,3.7356660681024443,4921.0,2010,2022,2024,US
com,www.bennelongmedical.com,com,webform/forms/form1.html,49,24,0,3.5739348962840563,6218.0,2006,2023,2024,AU
com,lordtrip.com,com,cache/nv/Service4/,31,18,0,3.2516291673878226,,,,,
com,compradasorte.iwoly.com,com,,24,0,0,3.7409532604048397,4734.0,2010,2023,2024,GB
com,service.confirm.paypal.usa.cmd.cgi-bin.4532f3e654sqd4e6d23sd8ed52s3d24e8d4sd8e74ds4d3d.dsqd56d5e8d25s.fdsf456e6d5sde8d56s4d.d545d4e84d5d.d89d989s8d9ed5f748df8-874f87878f.70803.4545.4543345.redi1.espacocorretora.com,com,,215,0,0,4.360907719404267,,,,,
co,lnk.co,co,I109D,12,5,0,2.584962500721156,4707.0,2010,2022,2023,US
be,www.plongeearlon.be,be,logs/system/logs/cadastrar.php,50,30,0,3.3263604079526936,5391.0,Thu ,,,
br,iczs.org.br,br,bodas/xml/Cadastro.php,34,22,0,3.095795255000934,5636.0,2008,2023,2025,
com,'fidelidadesemprecomvoce.com,com,?\%C2\%AC\%C2\%AC\%C2\%A3\%C2\%A2#sa\%20compra\%20premiada&amp;pbx=1&amp;oq=&amp;aq=&amp;aqi=&amp;aql=&amp;gs_sm=&amp;gs_upl=&amp;bav=on.2\%2cor.r_gc.r_pw.\%2ccf.osb&amp;fp=aa151a29d476e27c&amp;pf=p&amp;pdl=500',240,211,12,3.6420266905186507,,2008,2023,2025,
pt,joomla.velocidadeonline.co.pt,pt,modules/,38,8,0,3.620936064750772,8859.0,19/0,,08/0,PT
com,smokeandmirrorslighting.com,com,includes/,37,9,0,3.8282375018429553,5142.0,2009,2023,2023,US
com,www.hardjocks.com,com,paypal.cmd.cgi-bin.2466sd4f3e654sqd4e6d23sd8ed52s3d24e8d4sd8e74ds4d3d.dsqd56d5e8d25s.fdsf456e6d5sde8d56s4d.d545d4e84d5d.d89d989s8d9ed/,152,134,0,3.454822399946607,8758.0,1999,2023,2024,IS
com,1-2-show.com,com,pic_admin/psd/csr.html,35,22,0,3.2516291673878226,,,,,
com,kaleokullari.com,com,ing.php,24,7,0,3.327819531114783,4326.0,2011,2021,2023,TR
br,snaplog.com.br,br,novosite/index.html,34,19,0,3.521640636343319,,,,,
fr,eseoldschool.rd-h.fr,fr,sca/paypal/,32,11,0,3.3841837197791884,4596.0,2010,2022,2023,FR
com,peoplecolony.com,com,agshj.php,26,9,0,3.0,1465.0,2019,2023,2025,
pt,www.standprincipal.pt,pt,site/modules/mod_login/compte-/cgi/paypal/paypal/Thanks.php?cmd=_login-run&dispatch=5885d80a1io54efbdf2c25fe4kjhff66824cbab1a92dde6,153,131,0,3.4632805178108104,,,,,
de,www.msc-verify.de,de,,18,0,0,3.5724694587701364,,,,,
zm,'www.ccpc.org.zm,zm,media/system/\%20/ba68/?hsbc',46,29,1,3.10845859334435,,,,,
com,www.jawamusafaris.com,com,includes/js/tabs/tom01.php,48,26,0,3.344698375159712,4780.0,2010,2023,2024,KE
com,paypal.com.cgi.bin.webscr.cmd.login.submit.dispatch.0288a7tdb5l628.87l3t3265995387.parakokusu.com,com,,98,0,0,4.6021014403400935,,,,,
it,maurostaronemusicadalvivo.it,it,www.paypal.com/,44,15,0,3.753434386188785,6687.0,2005,2022,2023,
com,simply-gospel.com,com,sites/default/files/slideshow/Profile-update.html,67,49,0,3.4992275471326932,,,,,
com,mall.360yxt.com,com,core/lang/agretas/winfo.html,44,28,0,3.506890595608518,,,,,
hu,web-24.citromail.hu,hu,view_attach.php?mid=3914&part=1.2&rand=2394&mb=p.bettina@citromail.hu&mime=text/html&vip=3d370863a593f28555064c4194,135,115,0,4.03740119765411,6932.0,2004,,,
fr,new6adleadbrazil.solution.weborama.fr,fr,fcgi-bin/performance.fcgi?ID=440381&amp;A=1&amp;L=619752&amp;C=24913&amp;f=0&amp;P=47165&amp;T=E&amp;URL&BOUNCE=OK&brnd=19019,163,125,0,3.982856663324784,9179.0,1998,2022,2029,FR
fr,new6adleadbrazil.solution.weborama.fr,fr,fcgi-bin/performance.fcgi?ID=440381&amp;A=1&amp;L=619752&amp;C=24913&amp;f=0&amp;P=47165&amp;T=E&amp;URL,142,104,0,3.982856663324784,9179.0,1998,2022,2029,FR
br,voupagarmenos.com.br,br,tim/br/m/eventos/02092011/customer/idp=99,62,41,0,3.6841837197791887,,,,,
com,www.borbeycontractors.com,com,images/ma/paypal.fr/paypal.fr/webscr.php?cmd=_login-run&dispatch=5885d80a13c0db1f998ca054efbdf2c29878a435fe324eec2511727fbf3e9efc374b1939d7ac918ffc682be71709400f374b1939d7ac918ffc682be71709400f,219,193,0,3.513269689515108,,,,,
com,bicklesandbeverages.com,com,wp-includes/theme-compat/updates/updates.html,69,45,0,3.82790978214397,,,,,
com,heroeswm-runett.horizon-host.com,com,,32,0,0,3.730337797403416,3619.0,2013,2020,2023,GB
si,kk-branik.si,si,wp-content/plugins/wp-smushit/JSON/regions.com/,60,47,0,3.0220552088742005,,,,,
eu,www.zoohraninvest.eu,eu,img/window.php,35,14,0,3.6841837197791887,,,,,
com,www.teachchiros.com,com,www.paypal.fr/,34,14,0,3.43162356584743,5399.0,2008,2022,2024,US
com,iendorse.com,com,abn-amro/identification/,37,24,0,3.2516291673878226,8838.0,1999,2023,2025,US
eu,www.zoohraninvest.eu,eu,/img/window.php,36,15,0,3.6841837197791887,,,,,
com,www.saitokeiko.com,com,~wwwheav/href/secure/center/update/limit/seccure/52f50af5f35fa9a402cf34abaed666db/,101,82,1,3.3082708345352603,3809.0,2013,2021,2024,US
com,thectrlz.com,com,paypal.com/creditcarddetails,41,28,0,3.2516291673878226,7093.0,2004,2023,2024,US
br,www.tampromocoes.com.br,br,cadastro.php,36,12,0,3.381620107948735,5355.0,2008,2022,2023,
br,www.tampromocoes.com.br,br,,24,0,0,3.381620107948735,5355.0,2008,2022,2023,
org,'milah.org,org,wp-admin/includes/NewB2B/NewB2B/NewB2B/NewB2B/NewB2B/New\%20B2B/New\%20B2B/index.htm',96,85,2,3.321928094887362,,2008,2022,2023,
biz,www.sevelina.biz,biz,wp-content/uploads/2011/10/1/remax/index.html,62,45,0,3.327819531114783,,,,,
info,realtytrac.sterlingsi.info,info,,27,0,0,3.690260390968384,,,,,
org,www.skitoo.org,org,wp-rdp.php,25,10,0,2.9852281360342516,,,,,
be,www.hotel-lucullus.be,be,,22,0,0,3.368042422572715,,,,,
com,fluchinfos.com,com,manageaccounts&jsupein=europ_land&and=349034902hjks138934ym9hlvg82Tujzf4-serv-Einloggen&sessions&jseuropfindreupdat&&serv/metacc=deload-25256528/websrc.php?session.start,184,169,0,3.378783493486176,,,,,
com,realtytrac.arabbnc.com,com,,23,0,0,3.3908054820769817,,,,,
org,www.ssdidimdol.org,org,bbs/properties/index.php,43,24,0,3.1971597234241487,,,,,
gr,www.jdr.gr,gr,images/M_images/GbPlugin/,36,25,0,2.4464393446710155,,,,,
org,u294634.sendgrid.org,org,wf/click?upn=Mz6XtrOwbP25nmvuG1YsSpEyLZ5B-2FUOmjE6TTA22G-2BRJgLuvabvbMZJtay6oEtXq_-2BsQcVrFcAn-2BgtmLU-2BrkG0qiI-2F8ZbtrbF8uaq3spaeCQNcA6EDiKRZS-2F1-2FkL6IVUNjpnG8dmAuNPHaLnrhQmh3bo5eXJRFoVoOg72gCtT7QOi-2Bmgvkj7dFBjgz5lLrMX-2BZD-2BqYxwoYWMoxuAah43pJrss-2BwSvQ7A6lQwfIzVnJ4jj2u5pti8PJlvpjRt5QoKI,315,294,0,3.821928094887362,5205.0,2009,2022,2027,US
cz,rassro.cz,cz,payments/hsbc_files/adminz/,37,27,0,2.725480556997868,,,,,
nu,hagabloggen.nu,nu,char/www.paypal.com/fr/,38,23,0,3.182005814760214,,,,,
pt,www.standprincipal.pt,pt,site/modules/mod_login/tmpl/char/www.paypal.com/fr/Processing.htm?cmd=_Processing&dispatch=5885d80a13c0db1fb6947b0aeae66fdbfb2119927117e3a6f876e0fd34af4365e326f75a36485b741d9a2362942fdd8ce326f75a36485b741d9a2362942fdd8c,241,219,0,3.4632805178108104,,,,,
ru,www.protegido097.h19.ru,ru,Atendimento-Online-Santander/,53,29,0,3.849223912390625,6858.0,2004,,2023,
com,rrcs-24-123-42-82.central.biz.rr.com,com,images/Fidelidade/index.asp,64,27,0,3.9931325576478587,9789.0,1996,2022,2023,US
com,www.nationwide-tradefile.rdc-service.com,com,,41,0,0,3.9061983328100944,,,,,
rs,www.nekretninenet.rs,rs,mrclay-minify-4e0b1fe/file/tradefiles.htm,62,41,0,2.9841837197791885,1214.0,24.0,22.0,24.0,
net,animeaid.net,net,www.irs.gov/irs.htm,32,19,0,2.9182958340544896,1957.0,2018,2023,2024,CA
com,optelgt.com,com,.../www.cielo.com.br.comprapremiada.php?sorteio=9,61,49,0,3.0957952550009344,7115.0,2004,2014,2024,GT
com,www.portcomarine.com,com,/wp-content/themes/thedawn/lib/scripts/cache/signon.html,77,56,0,3.446439344671015,4851.0,2010,2023,2024,US
com,twothreeform.com,com,apps/24/forms/4vxvGDebxqUfN9_9rFJ_ug,53,36,0,3.202819531114783,,,,,
fr,www.tcsevres.fr,fr,templates/rhuk_milkyway/Orange-id/information.php,65,49,0,3.056564762130954,6734.0,2005,2023,2024,FR
com,www.bankratesauthority.com,com,.server/www.aol.com/bill_form.html,61,34,0,3.9210296217376146,,,,,
com,realtytrac.arabbnc.com,com,,22,0,0,3.3908054820769817,,,,,
com,fluchinfos.com,com,manageaccounts&jsupein=europ_land&and=349034902hjks138934sa5319kvhTgmxlq-serv-Einloggen&sessions&jseuropfindreupdat&&serv/metacc=deload-18563422/websrc.php?session.start,184,169,0,3.378783493486176,,,,,
com,fluchinfos.com,com,manageaccounts&jsupein=europ_land&and=349034902hjks138934zm3T6pj9ek8ryqu-serv-Einloggen&sessions&jseuropfindreupdat&&serv/metacc=deload-73061827/websrc.php?session.start,184,169,0,3.378783493486176,,,,,
net,petrepes.net,net,GRcntrlde/webscr.php?cmd_=session.start,52,39,0,2.584962500721156,,,,,
cl,www.evolucionaycrece.cl,cl,paypal.com/error_login.htm,50,26,0,3.501397825434103,,,,,
za,modiketse.co.za,za,church/images/usproperties/index.htm,52,36,0,3.5068905956085183,6268.0,2006,2023,2024,ZA
com,hmu031087.chinaw3.com,com,redirecttourl10/&sessionfslgsdgouiijfdg45OirtgLdfougdredite345_iphjsdiuyrtbndf534jkghd/,109,87,0,3.820888851350188,8573.0,2000,2023,2024,GB
org,cgi.svcs.ebay.com.services.search.findingservice.ebayisapii.dll.nattfamily.org,org,code/login.php,93,14,0,4.0309719318092725,8778.0,1999,2018,2027,US
com,fluchinfos.com,com,manageaccounts&jsupein=europ_land&and=349034902hjks138934pecuvw3rkga74mj-serv-Einloggen&sessions&jseuropfindreupdat&&serv/metacc=deload-70020937/websrc.php?session.start,184,169,0,3.378783493486176,,,,,
com,optelgt.com,com,.../www.cielo.com.br.comprapremiada.php?sorteio=127,63,51,0,3.0957952550009344,7115.0,2004,2014,2024,GT
pe,munivictorlarco.gob.pe,pe,portal/wp-includes/images/crystal/service.htm,68,45,0,3.879664004902593,,,,,
com,www.terahbit.com,com,Sessao.jsf.CTL=7888940022063823360150&amp;Acesso=/Login.php,76,59,0,3.452819531114783,,,,,
com,www.terahbit.com,com,Sessao.jsf.CTL=7888940022063823360150&amp;Acesso=/index.html,77,60,0,3.452819531114783,,,,,
com,www.terahbit.com,com,Sessao.jsf.CTL=7888940022063823360150&amp;Acesso=/,67,50,0,3.452819531114783,,,,,
ua,galisoterm.com.ua,ua,images/vysol/Gbplugin.php/,44,26,0,3.6168746059562227,,,,,
com,lawsagainstcyberbullying.com,com,wp-admin/Natwest/index.html,56,27,0,3.9677201004744997,,,,,
com,www.break-upquotes.com,com,wp-includes/js/swfupload/swf/rm/,55,32,0,3.879664004902593,,,,,
org,mijhuwiministries.org,org,remax/,28,6,0,3.5537631144722455,,,,,
ru,vzapase.ru,ru,wp-content/subscrible/index.php,42,31,0,3.121928094887362,5737.0,2007,,2023,
ng,www.nafdac.gov.ng,ng,plugins/authentication/paypal.com/webscr/m/e/q/p/z/x/j/index.html,83,65,0,3.1751231351134614,5321.0,2008,2016,2009,NG
com,voleybolhakemleri.com,com,media/jce_im_cache/indexxk.htm,52,30,0,3.6178096843744547,,,,,
com,'charmaineyoest.com,com,Import/Remax/Secure Login.html',51,31,1,3.7216117239699007,,,,,
com,'oyayildiz.com,com,en/form/file/property/properties/investment/remax/loopnet/New B2B/New B2B/index.htm',99,84,2,3.3787834934861767,,,,,
org,'milah.org,org,wp-admin/includes/NewB2B/NewB2B/NewB2B/NewB2B/NewB2B/New B2B/New B2B/index.htm',90,79,2,3.321928094887362,,,,,
com,hmu031087.chinaw3.com,com,redirecttourl9/&sessionfslgsdgouiijfdg45OirtgLdfougdredite345_iphjsdiuyrtbndf534jkghd/,108,86,0,3.820888851350188,8573.0,2000,2023,2024,GB
com,hmu031087.chinaw3.com,com,redirecttourl4/&sessionfslgsdgouiijfdg45OirtgLdfougdredite345_iphjsdiuyrtbndf534jkghd/,108,86,0,3.820888851350188,8573.0,2000,2023,2024,GB
com,hmu031087.chinaw3.com,com,redirecttourl2/&sessionfslgsdgouiijfdg45OirtgLdfougdredite345_iphjsdiuyrtbndf534jkghd/,108,86,0,3.820888851350188,8573.0,2000,2023,2024,GB
com,www.kacgroups.com,com,media/com_akeeba/viewlistings.php,51,33,0,3.454822399946607,,,,,
vn,www.sannangkythuat.vn,vn,images/aollog/AOL/aolpage.html,52,30,0,3.368042422572715,19559.0,1970,2001,,
com,samonkay.com,com,wp-content/upgrade/logon/system/updateonline/securteyt/securteee43532fdg/inmformetions/w/update.php,112,99,0,3.0849625007211556,,,,,
org,u293056.sendgrid.org,org,wf/click?upn=kcwZBZ5tWKqGuX0GpazS0Y-2BO1gL3-2Bi0m12zhD4vm3SM-3D_nRQ351GCaKIz2H6Rp704b5XmrN5Xzd6u92MmpDABSGoHm1jR0BA-2FyUCKHynFqKwJC2Zh-2FKDBSvsfdZ8gc0dFfUTBJ7boffXrP34TeMd2XBewha7PUNyRgUkIw5En3fh9rzDfueby4gN4ooRShviElqX6qAS03npKhnsi-2FLazhacWula4YnVl-2BRMXRLSw-2BU10,287,266,0,3.921928094887362,5205.0,2009,2022,2027,US
org,u292933.sendgrid.org,org,wf/click?upn=A2HAkodxDG9e1UDQxAMPoqTso48El-2F7VVBiU8mxtgdObH90dRKTQrPLXpB4PgHsY_W77bTy6YRdHySgTK0Dy8RTxYFWQq-2BlRbl8hkI2Q4ipm-2FFyc6ey-2Bs4fZtCVuywhfE2AjYPFt03emEsfRePuL-2FGF-2Ff3rVYbP2uIZ4cAxrtRoB-2B63axtAIPsSqzR0aYYpw7BOxUaIVBCoJyudzDJqeg3csPimuUYYjJVTo2zD1FpdYIIERHH8oqy7stHSRK4RLYnxbROduPDbBgskVC22pRVw-3D-3D,333,312,0,3.621928094887362,5205.0,2009,2022,2027,US
com,bryansanders.com,com,foto/ebay/JetJungleHand.html,45,28,0,3.5,7272.0,2003,2022,2024,US
cz,collm.cz,cz,controllers/customer/.bubico/webscr.html?cmd=_login-run,64,55,0,2.5,,,,,
com,willianscot.ucoz.com,com,basilinltd.html,36,15,0,3.546439344671015,6551.0,2005,2023,2025,RU
tf,viewnow.at.tf,tf,,14,0,0,3.238901256602631,8607.0,1999,2022,2023,
net,arsveterinaria.net,net,templates/images/cor26.mod,45,26,0,3.0441104177484006,,,,,
com,ernestchew.com,com,eshop1/site/,27,12,0,3.3248629576173574,723.0,2021,2023,2023,VN
com,www.aupresdesonarbre.com,com,dvd/dvd0001.htm?itoken3.2.8,52,27,0,3.6572682296173897,7931.0,2001,2023,2024,FR
com,paypal.com.cgi.bin.href.dispath211512315123154849461dismos0cratos.mypsychometric.com,com,href/href/secure/center/update/limit/seccure/,130,45,0,4.52879934746894,,,,,
cl,service.confirm.paypal.cmd.cgi-bin.2466sd4f3e654sqd4e6d23sd8ed52s3d24e8d4sd8e74ds4d3d.dsqd56d5e8d25s.fdsf456e6d5sde8d56s4d.d545d4e84d5d.d89d989s8d9ed5f748df8-874f87878f.chacon.campoprofundo.cl,cl,dz0/dir.php,204,11,0,4.341112546071873,,,,,
com,www.zzeonda.com,com,shop/instal/Info.Aspx/Processing.htm,52,36,0,3.1898980954642866,,,,,
info,oggg.info,info,capitalone/Logon.php?LOB=RBGLogon&amp;amp;_pageLabel=page_logonform,77,67,0,2.4193819456463714,,,,,
tc,pontos-da-tamfidelidade.net.tc,tc,,31,0,0,3.7232314287976203,3233.0,2014,,2024,
co,lnk.co,co,I1XNU,12,5,0,2.584962500721156,4707.0,2010,2022,2023,US
com,wizkid13.5gbfree.com,com,eBucks/eBucks.html,39,18,0,4.021928094887362,6043.0,2007,2022,2024,US
com,trapping-snaring-hunting.com,com,wp-includes/go.php,47,18,0,3.6959472263874704,,,,,
com,url2it.com,com,nfpo,15,4,0,3.321928094887362,5829.0,2007,2022,2023,US
net,home.comcast.net,net,~Dianapuccio/auctiredirect.htm,47,30,1,3.25,9430.0,1997,2022,2023,US
net,home.comcast.net,net,~dkelley500/redirecting2.htm,45,28,1,3.25,9430.0,1997,2022,2023,US
net,home.comcast.net,net,~dm8king/redirecting.htm,41,24,1,3.25,9430.0,1997,2022,2023,US
net,www.adcrm4.net,net,platform/link.php?M=395915&N=375&L=553&F=H,57,42,0,3.3248629576173574,,,,,
br,www.alcalaplaza.com.br,br,logs/Cielo2012/?cli=Cliente&/Dv1qt7zAKa/H02Vodh4o0.php,77,54,0,3.1924178467769684,,,,,
com,accedddi.szm.com,com,ehhfkdjfkskfjedlfkdkskdndklsndlsnmldsjflsjdlsdjfkfj.html,73,56,0,3.1556390622295662,8660.0,1999,2022,2023,SK
es,www.technaflora.es,es,store/images/abn/identificationupdate.html,61,42,0,3.5724312513221195,2226.0,2017,2022,,ES
ly,bit.ly,ly,N9l5Ch,13,6,0,2.584962500721156,5543.0,2008,2022,2032,US
com,www.accommodation-nis.com,com,webscr.php?cmd=_login-run&dispatch=5885d80a13c0db1f1ff80d546411d7f8a8350c132bc41e0934cfc023d4e8f9e51473c89254cd0c068ffe5a4f3ab29b8d1473c89254cd0c068ffe5a4f3ab29b8d,189,163,0,3.433269689515108,,,,,
com,gozdetugla.com,com,modules/,23,8,0,3.521640636343319,4479.0,2011,2023,2024,
vu,konfliktloesung-paypal.de.vu,vu,,29,0,0,4.066108939837481,,,,,
com,fantasyinsignia.com,com,images/sources/properties/remax/index.htm,61,41,0,3.391892644680931,,,,,
com,www.chiptexpro.com,com,,19,0,0,3.4613201402110083,,,,,
com,www.sanelyurdu.com,com,language/homebank.tsbbank.co.nz/SignOn.htm,61,42,0,3.6835423624332306,,,,,
be,www.deodorant-guilde.be,be,wp-content/plugins/wp-fb-autoconnect/spinner/,69,45,0,3.7294461949052566,,,,,
ru,mully.h19.ru,ru,oalonlinejamesonlinewith/oalonlinejamesonlinewith/aol.com.htm,74,61,0,3.0849625007211556,6858.0,2004,,2023,
com,www.qu100.com,com,phpmyadmin/778766777/index.html,45,31,0,3.0269868333592873,6086.0,2006,2019,2028,CN
it,multipontos.xoom.it,it,html/aguarde/r0x/documentos/welcone/click.php,65,45,0,3.2608281712244547,,,,,
com,myscreenname-aol.martintommer.com,com,b983-as9/aol/myaccountadp.html?iframe=paymentmethod&amp;NCID=AOLCMP00300000002101,115,81,0,3.5738085129044896,808.0,2021,2023,2024,US
com,tonaya.com,com,old_aol.1.3country/?Login=&amp;Lis=10&amp;LigertID=1993745&amp;us=1,78,67,0,2.9219280948873623,,,,,
co,lnk.co,co,I1VKN,12,5,0,2.584962500721156,4707.0,2010,2022,2023,US
be,www.ffab.be,be,media/Realtor/Realtor.html,38,26,0,2.481714572986073,,,,,
gl,goo.gl,gl,MXN62,12,5,0,1.9182958340544893,6603.0,2005,2023,2024,GL
net,scgii2baycouk.voila.net,net,8u5fmyft984m5n7yt8gk4iyugr4dkuj4ukjih7yuf74rx7ybfhfdewyvdfejyhftdewghytfexfbrexuyevdfegdxbfeduhfbzebhxdgehyufesxyryeiyfseskjurefbyegrfreyfxerxgrtxgruhyryfbgueirfxhyebfynryexbyntfgvxbcfgehrjyucekrycguyxewgrjhkuc,234,210,0,3.9690016298759936,8996.0,1998,2023,2023,GB
net,www.promocaocomprapremiada.net,net,promocoes/,41,10,0,3.539572261986723,,,,,
br,san2012.com.br,br,578667/2012,26,11,0,3.521640636343319,,,,,
ly,bit.ly,ly,M1nVWU,13,6,0,2.584962500721156,5543.0,2008,2022,2032,US
net,www.promocaocomprapremiada.net,net,promocoes/index.html?cadastrar-novo-cartao,73,42,0,3.539572261986723,,,,,
com,www.cadastramentoprograma.com,com,,30,0,0,3.5949054612278935,,,,,
ly,bit.ly,ly,M4gAG7,13,6,0,2.584962500721156,5543.0,2008,2022,2032,US
ru,spbstone.ru,ru,info/svr/login_verify.html,38,26,0,3.2776134368191165,1780.0,2018,,2023,
ru,www.spbstone.ru,ru,info/svr/login_verify.html,42,26,0,3.32323142879762,1780.0,2018,,2023,
be,www.deodorant-guilde.be,be,wp-content/plugins/xcloner-backup-and-restore/restore/de-cc/paypal.com/de/.9d4f47e6389393e534a5e8a8f2/cgi-bin/webscrcmd=_login-run&dispatch=5885d80a13c0db1f8e263663d3faee8dc60d77e6184470d51976060a4ab6ee74.php,232,208,0,3.7294461949052566,,,,,
com,thecrystalhotel.com,com,si/id=lollytrap@libero.it,45,25,0,3.4713544870139286,4273.0,2011,2022,2023,HU
ly,bit.ly,ly,LyrzqR,13,6,0,2.584962500721156,5543.0,2008,2022,2032,US
tk,service-giveaway-forum-kingyoza.tk,tk,,35,0,0,4.175123135113461,,,,,
com,justinmcauliff.com,com,wordpress/cadastro/Cielo/,44,25,0,3.6143694458867563,,,,,
it,masprontas.xoom.it,it,agarde/up/grad/emcaminhamento/click.php,58,39,0,3.350209029099897,,,,,
com,mall.360yxt.com,com,statics/im/banc/,32,16,0,3.506890595608518,,,,,
com,www.anderpup.com,com,resume-anderpup/schemes/Update/,48,31,0,3.452819531114783,5637.0,2008,2018,2024,US
com,xewacuba.zbb435.com,com,,19,0,0,3.6818808028034016,,,,,
com,pkmi-online.com,com,images/security/update.php,42,26,0,3.373557262275185,,,,,
com,vencedoragora.com,com,wp-content/themes/clockstone/js/lib/,54,36,0,3.337175341123077,5002.0,2009,2022,2023,US
com,www.m3agize.com,com,webscr.php?cmd=_login-run&dispatch=5885d80a13c0db1f998ca054efbdf2c29878a435fe324eec2511727fbf3e9efcfde0d9489acf25a4a623d288068f5692fde0d9489acf25a4a623d288068f5692,179,163,0,3.32323142879762,,,,,
ru,comercial203.h19.ru,ru,,20,0,0,3.9321380397593733,6858.0,2004,,2023,
fr,www.omine.fr,fr,images/old/cielo.com.br/cadastrameto/index.php,59,46,0,3.0220552088742,,2022,2023,2023,NL
fr,www.omine.fr,fr,images/old/cielo.com.br/recadastro/,48,35,0,3.0220552088742,,2022,2023,2023,NL
fr,www.omine.fr,fr,images/old/cielo.com.br/cadastro/,46,33,0,3.0220552088742,,2022,2023,2023,NL
com,docs.google.com,com,spreadsheet/viewform?formkey=dGhTUFZGVEstYnJWalBNaGE1Um84MEE6MQ,79,63,0,2.973557262275185,9440.0,1997,2019,2028,US
co,lnk.co,co,I1UOV,12,5,0,2.584962500721156,4707.0,2010,2022,2023,US
com,alternativenglish.com,com,a.php,27,5,0,3.8208888513501877,4099.0,2012,2023,2025,MR
com,jerseysbestbuy.com,com,store.steampowered.com/hmd.html,50,31,0,3.419381945646371,,,,,
net,www.fiches-kine.net,net,wp-admin/Login/Langue&id=FR-fr/c0aeae66fdbfb2119927117e3a6765c403f4977abcf/cmd=_login-submit&dispatch=5885d80a13c0db1fb6947/info_updating/paypal/,165,145,0,3.4316235658474303,4445.0,2011,2023,2024,
cl,www.metalica.cl,cl,comunidad/components/com_media/images/.signin.ebay.com-wss-eBayISAPIdSignIhtp.www.ebay.c0mm/,108,92,0,3.0565647621309546,7275.0,2003,,2023,
com,paypal.com-ca-cgi-bin.webscr-cmd.login.riffiis.com,com,cgi/,55,4,0,4.025979129983102,,,,,
com,boysblog.davidwehrle.com,com,img/checkoutqw8.php,44,19,0,3.9701755214643453,5902.0,2007,2023,2024,US
biz,www.betaconsult.biz,biz,_vti_cnf/pollxq1.php,40,20,0,3.681880802803401,5736.0,2007,2022,2023,US
com,ssl-authoresierung-help.com,com,,28,0,0,3.9582291686698796,,,,,
es,www.cuentatras-team.es,es,funciones/Login.php,42,19,0,3.413088436425757,,,,,
net,publish.comcast.net,net,dpath/P7jFoLwmZVxVZWIGQLu8d2by24M6SUDH-1aYr6VqUBomJ7tk9HaDavdnzwE3arnkrVHqzDfRKf8laHJB1zzFIh_a1ikQ4uNbyRaGPuQ9jJuyKm__Xqf0LelzajkfEMWC/,155,135,0,3.826874881864637,9430.0,1997,2022,2023,US
nz,offshoremotoryachts.co.nz,nz,site.php,34,8,0,3.6194705707972514,,,,,
com,hannestool.com,com,wp-includes/js/re02ornzan/ortin0za6ro2sark.html,62,47,0,3.3248629576173574,5972.0,2007,2022,2024,US
com,hannestool.com,com,wp-includes/js/re02ornzan/,41,26,0,3.3248629576173574,5972.0,2007,2022,2024,US
com,domain-20k.com,com,paypal/index1.htm,32,17,0,3.521640636343319,,,,,
uk,deenprint.co.uk,uk,wp-includes/R/index.htm,39,23,0,3.5068905956085183,4117.0,12-A,15-A,12-A,
ly,bit.ly,ly,NhTsJD,13,6,0,2.584962500721156,5543.0,2008,2022,2032,US
info,www.hostgratuito.info,info,visen.php,31,9,0,3.5225715891363594,5860.0,2007,2023,2025,NL
org,paypal.com.us.cgi-bin.webscr-cmd.login-run.dispatch.5885d80a13c0db1f8e263663d3faee8d43b1bb6ca6ed6aee8d43b16cv27bc.ustawikenya.org,org,service-paypal.php,148,18,0,4.744576286513044,,,,,
com,samonkay.com,com,wp-admin/includes/neew/,36,23,0,3.0849625007211556,,,,,
com,www.graindesel-resto.com,com,/,26,1,0,3.8553885422075345,,,,,
org,www.hokubeihochi.org,org,usa.php,28,7,0,3.4086949695628417,4382.0,2011,2023,2024,US
net,debbiepal.home.comcast.net,net,~debbiepal/,38,11,1,3.7483286603655745,9430.0,1997,2022,2023,US
com,mall.360yxt.com,com,plugins/passport/brte/,38,22,0,3.506890595608518,,,,,
com,mall.360yxt.com,com,plugins/passport/brte,37,21,0,3.506890595608518,,,,,
pl,www.geozenit.com.pl,pl,e.suspension.account.www.paypal.com/us/cgi-bin/webscr.html,78,58,0,3.536886723742166,,,,,
com,'tuagenciaenlinea.com,com,_vti_bin/_vti_aut/_vti_txt./vti/Secure Login.html',72,50,1,3.52257158913636,,,,,
fr,jeunes-socialistes41.fr,fr,connexion/cgi-bin/index.html,52,28,0,3.882045108136863,,,,,
com,blog.zivame.com,com,/wp-content/plugins/gallery/update/bill.aol.com/SPortal/jsp/contact_primary_update.jsp/update.html,114,98,0,3.5068905956085183,4460.0,2011,2014,2024,US
ir,activenetwork.ir,ir,webscr.php?cmd=_login-run&dispatch=5885d80a13c0db1f998ca054efbdf2c29878a435fe324eec2511727fbf3e9efc0c3e620cbec95e885a8eb6d8d310edea0c3e620cbec95e885a8eb6d8d310edea,180,163,0,3.5,,,,,
com,'diagsv3.com,com,linkservsv.php?email=xxxemailxxx&amp;nombat=dp1205-nobilis&amp;numbat=12083&amp;numuser=xxxnumuserxxx&amp;categorie=xxxcategoriexxx&amp;url=www.leadium.com/tracker.php?campid=3562\%3B957&banid=7564&linkid=34327&siteid=1687&amp;cs=13940',249,236,1,3.584962500721156,,,,,
com,login.aol.com.colemantennis.com,com,log/2012/FolderID=003301&amp;InboxSortAscending=False&amp;InboxSortBy=Date&amp;n=353273012/,123,91,0,3.409863956163416,7528.0,2002,2022,2024,US
com,login.aol.com.colemantennis.com,com,log/2012/,41,9,0,3.409863956163416,7528.0,2002,2022,2024,US
com,www.palimpalem.com,com,6/Creditosyvip/,34,15,0,3.197159723424149,6869.0,2004,2023,2023,ES
com,www.habbocreditosparati.blogspot.com,com,,37,0,0,3.9092561685185854,,,,,
com,boutiquedescreditsgratuits.yolasite.com,com,,40,0,0,3.8720838732529215,,,,,
com,the.aaaxtrm.com,com,wp-content/plugins/disable-wordpress-core-update/post.html,74,58,0,3.189898095464287,6169.0,2006,2021,2023,US
org,www.upgrade-verify-now.de-france.org,org,,37,0,0,3.9057645846554525,1843.0,2018,2023,2024,FR
vn,forum.nhacvietplus.com.vn,vn,images/smilies/smile/uljw.php,55,29,0,3.9736606896881845,19559.0,1970,2001,,
com,mylilsuperstar.com,com,application/views/photo_gallery/photo_gallery_images/oktxt/,78,59,0,3.7254805569978675,,,,,
ar,www.marketplus.com.ar,ar,cart/includes/local/1.php,47,25,0,3.6537567082870006,5180.0,2009,2023,2024,
de,clickandbuy.elaine-asp.de,de,,25,0,0,3.783465189601646,,,2023,,
com,00000kx.rcomhost.com,com,??SignIn&errmsg=8&pUserId=&co_partnerId=2&siteid=0&pageType=-1&pa1=&i1=-1&UsingSSL=1&k=1&bshowgif=0&favoritenav=&ru=www.ebay.com/&ppMessage-ID:,164,143,0,3.203701696057348,4195.0,2012,2023,2033,US
si,www.geotris.si,si,.remax/,22,7,0,3.039148671903071,4301.0,2011,,2023,
hu,gyongyfesztival.hu,hu,remax/remax/index.htm,40,21,0,3.94770277922009,759.0,2021,,,
com,kaleokullari.com,com,/media/cov.php,31,14,0,3.327819531114783,4326.0,2011,2021,2023,TR
org,200uruguay.org,org,remax.com/index.htm,34,19,0,3.039148671903072,,,,,
org,servicepointministry.org,org,remax/remax/index.htm,46,21,0,3.636842188131012,,,,,
au,waldrenconstructions.com.au,au,wordpress//wp-includes/images/update.php,68,40,0,3.7821222241453056,,,2021,,
au,intranet.4more.com.au,au,md/,25,3,0,3.4992275417233567,,,,,
tr,www.erzurumsarkinsaat.com.tr,tr,includes/js/dtree/img/_/GRIPNET_/?id_Sincronizando_Dispositivo=75985427899286,106,77,0,3.726474118254375,,,,,
tr,www.atlasbowling.com.tr,tr,cache/mod_login/_/Clientes.php,54,30,0,3.621175542919471,,,,,
tr,www.erzurumsarkinsaat.com.tr,tr,includes/js/dtree/img/_/GRIPNET_/,62,33,0,3.726474118254375,,,,,
vn,forum.nhacvietplus.com.vn,vn,images/smilies/wink/obbe.php,54,28,0,3.9736606896881845,19559.0,1970,2001,,
vn,forum.nhacvietplus.com.vn,vn,images/smilies/tongue/noox.php,56,30,0,3.9736606896881845,19559.0,1970,2001,,
ly,bit.ly,ly,MJBZXS,13,6,0,2.584962500721156,5543.0,2008,2022,2032,US
com,www.gluoncart.com,com,images/infobox/Cadastro.php,45,27,0,3.454822399946607,,,,,
za,leedsfans.co.za,za,wp-content/themes/twentyeleven/languages/.paypal.com/,69,53,0,3.373557262275185,,,,,
com,ppacountppsubmit.com,com,finish.htm?cmd=_login-run,46,25,0,3.4219280948873623,,,,,
com,manchimaata.com,com,root/httpwwwpaypal.caenpersonal/httpwww.Paypal/httppaypal/,74,58,0,2.9232314287976204,438.0,2022,2023,2023,
net,mcxbhavishya.net,net,update/paypal/log.htm,38,21,0,3.75,,,,,
com,www.emailformwizard.com,com,form.php?id=14283,41,17,0,3.534219021180341,4606.0,2010,2022,2023,US
com,savalanmaku.com,com,/dagrin_folder/remax.htm,40,24,0,3.2402239289418517,,,,,
pk,singers.pk,pk,e/update.html,24,13,0,3.121928094887362,,,,,
com,www.mistressbelladonnaknight.com,com,wp-includes/js/remax/index.htm,63,30,0,4.054229296672174,,,,,
br,'whathost.com.br,br,images/Remax/Secure\%20Login.html',51,34,1,3.5,,,,,
com,drbobbierendon.com,com,sreenname/and_login.html,43,24,0,3.197159723424149,,,,,
com,drbobbierendon.com,com,sreenname/index.htm,38,19,0,3.197159723424149,,,,,
au,waldrenconstructions.com.au,au,wordpress//wp-includes/Text/update.php,66,38,0,3.7821222241453056,,,2021,,
vn,tuyendungkcn.vn,vn,includes/domit/paypal/paypal.com.payments.privacy.securit.paypal.compaypal.acount.paypal.com.payments.privacy.securit.yprotection.page.online.security.Paypaal.Paypaa.account.update.process.Online.AccessPaypal/webscr.html?cmd=_login-run&dispatch=5885d80a13c0db1f998ca054efbdf2c29878a435fe324eec2511727fbf3e9efc7729ec6d509177f4291d919844a4378b7729ec6d509177f4291d919844a4378b,389,373,0,3.2402239289418517,19559.0,1970,2001,,
com,'www.raoanurag.com,com,wp-admin/images/paypal.com.us/cgi-binwebscrcmd=_login-submit&dispatch/=5885d80a13c0db1f8e263663d3faee8d0288a7fd2903afb85a5540fd44243d03/Log\%20in/',166,147,1,3.30827083453526,,1970,2001,,
com,sabahseafood.com,com,sources/properties/remax/index.htm,51,34,0,3.2806390622295662,4202.0,2012,2023,2024,US
com,senyo.com,com,old_aol.1.2/?Login=&amp;Lis=10&amp;LigertID=1993745&amp;us=1,70,60,0,2.94770277922009,9128.0,1998,2023,2024,US
com,crmformbuilder.com,com,dev13/Remax/index.htm,40,21,0,3.4193819456463714,91.0,2023,2023,2024,CN
com,www.evasion91.com,com,wp-content/themes/Evasion91/cache/homebank.tsbbank.co.nz/SignOn.htm,85,67,0,3.5724694587701364,462.0,2022,2023,2024,MY
com,www.evasion91.com,com,wp-content//themes/Evasion91/cache/homebank.tsbbank.co.nz/SignOn.htm,86,68,0,3.5724694587701364,462.0,2022,2023,2024,MY
com,myonlinejournies.com,com,wp-includes/images/yahoo.html,50,29,0,3.546439344671015,1016.0,2020,2023,2023,CN
com,www.formstack.com,com,forms/?1232995-1bwjfPGDiE,43,25,0,3.3371753411230776,4888.0,2010,2023,2024,US
me,uploads.boxify.me,me,83141/novo.ini,32,14,0,3.8521687236032816,,,,,
net,directorking.home.comcast.net,net,~directorking/,44,14,1,3.7623107361338706,9430.0,1997,2022,2023,US
net,directorking.home.comcast.net,net,,30,0,0,3.7623107361338706,9430.0,1997,2022,2023,US
net,berkower.home.comcast.net,net,~berkower/,36,10,1,3.6234651896016463,9430.0,1997,2022,2023,US
net,carol.miller7.home.comcast.net,net,~carol.miller7/,46,15,1,3.647742678581274,9430.0,1997,2022,2023,US
net,carol.miller7.home.comcast.net,net,,31,0,0,3.647742678581274,9430.0,1997,2022,2023,US
net,2301patricia.home.comcast.net,net,,30,0,0,3.9262723741395074,9430.0,1997,2022,2023,US
net,2301patricia.home.comcast.net,net,~2301patricia/,44,14,1,3.9262723741395074,9430.0,1997,2022,2023,US
ru,eby927.h16.ru,ru,,14,0,0,3.546593564294939,7079.0,2004,,2024,
ru,eby926.h16.ru,ru,,14,0,0,3.3927474104487847,7079.0,2004,,2024,
com,szalami.com,com,wp-includes/js/jquery/ui/accinfos.php,49,37,0,3.095795255000934,6192.0,2006,2022,2023,DE
ru,eby8432.h16.ru,ru,,15,0,0,3.6644977792004623,7079.0,2004,,2024,
za,durbanweddingproductions.co.za,za,administrator/images/admin../remax.com.html,74,43,0,3.923231428797621,,,,,
ru,calculator.vrachi-sklif.ru,ru,logs/remax/index.htm,47,20,0,3.738149333192866,,,,,
com,'myaminclean.com,com,public_html/_vti_bin/_vti_adm./vti/Secure\%20Login.html',73,56,1,3.327819531114783,,,,,
com,www.gems-hotel.com,com,,19,0,0,3.4613201402110083,239.0,2022,2022,2023,US
com,www.billing.obunshabluegrassenglishandculture.com,com,get/web/panel/from/login/payment_debit_card.jsp.htm,101,51,0,4.045447538205389,,,,,
com,www.billing.obunshabluegrassenglishandculture.com,com,get/web/panel/from/login/index.htm,84,34,0,4.045447538205389,,,,,
ly,bit.ly,ly,KYOnTE?=9302193,22,15,0,2.584962500721156,5543.0,2008,2022,2032,US
fr,www.paypal-tracking.fr,fr,,23,0,0,3.754441845713344,,,,,
com,beatredds.com,com,DEcntrlde/_webscr.php?nxEXEC=d2Vic2NyX3ByaW0ucGhwP254RVhFQz1kMlZpYzJOeUxuQm9jRDlqYldSZlBXMWxiV0psY2k1MlpYSnBabms9,127,113,0,3.3927474104487847,,,,,
com,vishalgangadin.com,com,Remax/,25,6,0,3.5724312513221195,4182.0,2012,2022,2024,NL
de,budinski.de,de,img/AOL_Member/AOL_Login.htm,40,28,0,3.095795255000934,,,2020,,
com,www.parshydraulic.com,com,tmp/remax/index.htm,41,19,0,3.784941827437642,7654.0,2002,2002,2023,AF
fr,omcs.fr,fr,ext/modules/Checkout_Our_New_Properties.htm,51,43,0,2.807354922057604,8816.0,1999,2023,2024,FR
in,mumbai-119-114.primenet.in,in,webscr/?cmd=_login-run&lang=fr&dispatch=5885d80a13c0db1f8e263663d3faee8d4026841ac68a446f69dad17fb2afeca3,131,104,0,3.719294525666979,6960.0,2004,2023,2028,IN
com,shylands.com,com,old_aol.1.2/?Login=&amp;Lis=10&amp;LigertID=1993745&amp;us=1,73,60,0,3.418295834054489,6614.0,2005,2021,2025,IS
net,kaluwanchikudy.net,net,home/files/www.itau.com.br/,46,27,0,3.7254805569978675,,,,,
com,www.grouposafrasa.com,com,,22,0,0,3.4273334938982645,,,,,
pl,irgo.pl,pl,wp-includes/theme-compat/1neh.html,42,34,0,2.807354922057604,,,,,
ly,tad.ly,ly,JKLaDV?Multiplus100.000,30,23,0,2.584962500721156,,,,,
io,rcknr.io,io,RHCPEU9,16,7,0,2.75,,,,,
io,rcknr.io,io,CAZUZAEXK,18,9,0,2.75,,,,,
com,www.soufielatam.com,com,,19,0,0,3.5766176449086657,,,,,
br,www.josephinesp.com.br,br,logs/c1c0c2a83d6fc494cdc9de45f6299478/web.php?cmd=_login-run&dispatch=5885d80a13c0db1f1ff80d546411d7f8a8350c132bc41e0934cfc023d4e8f9e5efe6bdc0dedc2be6a0ef69c0ccb4e8a3efe6bdc0dedc2be6a0ef69c0ccb4e8a3,221,198,0,3.6635327548042538,,,,,
com,yblbooks.com,com,bookkeeping/directions.htm,39,26,0,3.0220552088742,372.0,2022,2023,2023,CN
tk,gomercyaprodnew.tk,tk,,19,0,0,3.8365916681089787,,,,,
uk,www.volunteerghana.org.uk,uk,includes/fckeditork/editor/js/trsl.html,65,39,0,3.703465189601647,94.0,18-A,10-M,18-A,
com,cnc.fengxiang.com,com,News/up.htm,29,11,0,3.292770193936991,8997.0,1998,2018,2028,CN
com,amilcarbarca.com,com,logon/amex4/,29,12,0,2.952819531114783,,,,,
com,goldigreen.com,com,leeman/httpsaccounts.google.comServiceLoginservice=mail&amp;passive=true&amp;rm=false&amp;continue=httpmail.google.commail&amp;scc=1&amp;ltmpl=default&amp;ltmplcache=2/,183,168,0,3.378783493486176,,,,,
co,lnk.co,co,346H?dfg4gh?roberto.morassi@poste.it,43,36,0,2.584962500721156,4707.0,2010,2022,2023,US
com,www.flickr.com,com,x/t/0099015/account/email/,41,26,0,3.182005814760214,7181.0,2003,2023,2025,US
com,promocaofe.dominiotemporario.com,com,tam/,37,4,0,3.390319531114783,5726.0,2007,2020,2023,BR
com,paypal.com.cgi.bin.21232f297a57a5a743894a0e4a801fc3429d63689a0813e.dentaltripindia.com,com,PayPal/,94,7,0,4.532750918752617,,,,,
net,www.warzaid.net,net,pics/actiques/cgrk.php,38,22,0,3.106890595608518,407.0,2022,2023,2023,
com,www.proyectadesign.com,com,templates_respaldo/system/css/fransa.htm,63,40,0,3.8796640049025926,1887.0,2018,2023,2024,IS
es,paypal.com.cy.cgi.bin.webscr.cmd.login.submit.dispatch.paypal.com.us.paypal.com.us.hotelsinfo.es,es,paypal-us/paypal.com.us/paypal.com.us/paypal.com.us/paypal.com.us/paypal.com.us/paypal.com.us/paypal.com.us/paypal.com.us/paypal.com.us/paypal.com.us/,247,150,0,4.038560520171049,,,,,
ru,paginas47567.h19.ru,ru,www.santander.com.br/auten.php,50,30,0,3.9321380397593733,6858.0,2004,,2023,
ru,paginas47567.h19.ru,ru,www.santander.com.br/autenticaPJ.php,56,36,0,3.9321380397593733,6858.0,2004,,2023,
ru,paginas47567.h19.ru,ru,www.santander.com.br/index.html,51,31,0,3.9321380397593733,6858.0,2004,,2023,
hu,reactive.hu,hu,spa.php,19,7,0,3.2776134368191165,4685.0,2010,,,
ru,ferdvixtee12.h19.ru,ru,Informativo-Online07/Central-Atendimento/,61,41,0,3.681880802803402,6858.0,2004,,2023,
com,xa.yimg.com,com,kq/groups/1319331/851393225/name/restore#45786794.html,66,54,0,3.095795255000934,9564.0,1997,2023,2024,US
com,mardolhotel.com,com,remax/remax/index.htm,37,21,0,3.3232314287976203,,,,,
org,'myfamilyandme.org,org,/css/investment/property/properties/investment/remax/loopnet/New\%20B2B/New\%20B2B/index.htm',112,93,2,3.68354236243323,,,,,
com,www.petrovac-apartments.com,com,logs/secure/property.html,53,25,0,3.708048150071232,,,,,
net,daotaoseo.net,net,remax/remax/index.htm,35,21,0,2.873140679513133,,,,,
com,shtat-msk.com,com,includes/js/.log/remax/index.htm,46,32,0,3.238901256602631,220.0,2022,2022,2023,BG
ca,formationson.ca,ca,remax/,22,6,0,3.323231428797621,,,,,
org,leakedln.org,org,,13,0,0,3.2516291673878226,,,,,
net,home.comcast.net,net,~j.cruz/,25,8,1,3.25,9430.0,1997,2022,2023,US
fr,abondance4x4.fr,fr,image/noir/wp-php.php,37,21,0,3.5068905956085183,6755.0,2005,2021,2024,FR
to,beam.to,to,3984,12,4,0,2.807354922057604,,,,,
in,zurl.in,in,uj,10,2,0,2.807354922057604,736.0,2021,2023,2023,EE
pl,allegro.pl,pl,audi-a3-2-0-tdi-170km-ideal-czarna-perla-z-niemiec-i2292691237.html,78,67,0,2.8464393446710154,8668.0,1999,2023,2023,
com,atmosphericwatersolutions.com,com,paypal.com.account.limited/us/cgi-bin/webscr.html,79,49,0,3.8404025467025056,,,,,
com,www.watermill-crafts.com,com,pages/loopnet/index.htm,48,23,0,3.6682958340544896,29.0,2023,2023,2024,US
net,'home.comcast.net,net,~dhch2618/encrypt5885d80a13c0db1f8e263663d3fa.html?vid=Z2xJIscpuj\%\%202Bo=&action=validate23442',115,97,3,3.381580488309164,,2023,2023,2024,US
com,goldenremodel.com,com,administrator/index3.php,42,24,0,3.1751231351134614,5744.0,2007,2022,2023,IS
com,www.ieducationonline.com,com,blog/wp-content/plugins/zjoxecobgwh/aol/updateing/AOLBILLINGCENTER/BillingCenter@aimBillingCenter@aim.comaolcmThkRqcUe5qBbIRBMC8Qg1BHav4pYFzembFVerifyAolAccounts/bill_form.html,201,176,0,3.5424812503605785,361.0,2022,2022,2023,
com,777-home-business.com,com,remax/remax/index.htm,43,21,0,3.5585186130489053,,,,,
org,u233740.sendgrid.org,org,wf/click?upn=ZmVB8aKvXfS2FBd4-2FlhwqFEhEOMmfwXlcsrKQF4n8bCC1vONw5xfk3MxclFJ-2BN9CC5oqAawclfchD0ZTvKwjs4YOt8x73MdiH-2Fsba7FHdrs-3D_dcggOqSQ-2FjwqDNqJznLnpT2G2-2F8ky-2FK62R9iTa1A1MRgQhKIjp7aH5df6YFLEouWqkjAaKJR1341P3TuMqYz-2B23OZ8Dyh6MB-2B0FCdNrzKN2zMwsb-2BxQoazbs9q8RuvzIoio2GbsK55LyYYZy7l28qwigvrvj0vqNZ9-2FlxmFXHhY-3D,339,318,0,3.8219280948873617,5205.0,2009,2022,2027,US
org,u233740.sendgrid.org,org,wf/click?upn=ZmVB8aKvXfS2FBd4-2FlhwqFEhEOMmfwXlcsrKQF4n8bCC1vONw5xfk3MxclFJ-2BN9CC5oqAawclfchD0ZTvKwjs4YOt8x73MdiH-2Fsba7FHdrs-3D_OLlAIYzsCvm16qvEQJE5YlYKEWMvUvLXbFuK8zGNWa0edHIOq4K7uL9loQOauW6tk7lADnt9ZjwHiA6-2FBEeC0ANZUf5fz1G96sBb1KTm8oCBo5bRILD9Fchj47COiYyUqmdHCCoydoGrOvr-2BbxOHwbeABMrFvjz8936SmQm7KkA-3D,329,308,0,3.8219280948873617,5205.0,2009,2022,2027,US
org,u233740.sendgrid.org,org,wf/click?upn=ZmVB8aKvXfS2FBd4-2FlhwqFEhEOMmfwXlcsrKQF4n8bCC1vONw5xfk3MxclFJ-2BN9CC5oqAawclfchD0ZTvKwjs4YOt8x73MdiH-2Fsba7FHdrs-3D_wMh4bI5373KmuDXhWz-2Fnp-2FJqiAMR-2F0G-2BDCQx5KyMuE-2ByVQsUYJr-2BEFgEzVXcxkuqGI5O0gWR1ynkr-2BMThqKyeIe5jhuEY5x-2FGPTOTSkLjVjUz1ZM2D-2B5k-2B0cVe-2F2SiZLNS0AErP-2F-2F8voUZYNHcwpsJLAzGCSKC69CCwENJyXxrI-3D,351,330,0,3.8219280948873617,5205.0,2009,2022,2027,US
org,u233740.sendgrid.org,org,wf/click?upn=ZmVB8aKvXfS2FBd4-2FlhwqFEhEOMmfwXlcsrKQF4n8bCC1vONw5xfk3MxclFJ-2BN9CC5oqAawclfchD0ZTvKwjs4YOt8x73MdiH-2Fsba7FHdrs-3D_FhoCN3WBZ5tpTX7Sn58okKWdvxnho7m9ruKX1FeFyQelhG18k56IVnb7NhJwYNQs9ID8MUFdr-2B6d7amIf-2F4X0GJDl4FFvfxI-2BUA-2FFxXiNG-2FhzrkfoOdfeiK3o9QNblC28Ug3uCOHVqbm-2FAIl1AiB1g-3D-3D,319,298,0,3.8219280948873617,5205.0,2009,2022,2027,US
in,lijeesh.in,in,update/login.jsp.htm,31,20,0,2.9219280948873623,5730.0,2007,2022,2023,IN
com,fanberg.com,com,pb/images/login.jsp.php,35,23,0,3.459431618637298,3421.0,2014,2021,2025,US
dk,mail.ministry.dk,dk,phpmyadmin/1.php,33,16,0,3.452819531114783,,,,,
rs,'www.zlatarababic.rs,rs,wp-includes/images/smilies/paypal/paypal.compaypal\%20acountpaypal.com\%20payments\%20privacy\%20securit\%20yprotection\%20page\%20online\%20security\%20PaypaalPaypaa\%20accountupdate\%20processOnline\%20Accessindex.php/',242,221,12,3.3841837197791884,,,,,
com,rsiakendangsari.com,com,images/upgrade/update/,42,22,0,3.5766176449086644,1231.0,2020,2023,2024,ID
com,automateinternetmarketing.com,com,service/service/Path=gy32RsI585hr6t9N3tc4Znw/,75,45,0,3.483005030268013,,,,,
ru,www.bancooffice.h19.ru,ru,d01/index.php,36,13,0,3.7544418457133446,6858.0,2004,,2023,
com,automateinternetmarketing.com,com,service/service/Path=6N349g2t8ZR5ctyn3hw5sIr/,75,45,0,3.483005030268013,7342.0,2003,2022,2023,IS
com,www.triumph-ht-optics.com,com,modules/NtsPbs/OpretdinkodetilVerifiedbyVisaellerMasterCardSecureCode.html,100,74,0,3.6234651896016468,5628.0,2008,2023,2024,CN
jp,www26.atwiki.jp,jp,j/www.paypal.jp/jp,34,18,0,3.1068905956085184,,,,,
com,agent5productions.com,com,wp-content/theme/,39,17,0,3.8801799226757376,,,,,
