URL,subdomain,domain,tld,path_rest,url_length,path_rest_length,num_spcs_chars,domain_entropy,domain_age,created_year,updated_year,expires_year,country_code,Label
www.escudo-club.ru/administration/images/board/etk/CartaSi/BonuS/themes/templates/header/footer/board/paymentlink/CartaSi/BonuS/infusions/user_info_panel/board/etk/CartaSi/BonuS/cartaprelievi/atm/www.cartasi.it/ricarica/sold/bonus/index.php?asdq...,ru,www.escudo-club.ru,ru,administration/images/board/etk/CartaSi/BonuS/themes/templates/header/footer/board/paymentlink/CartaSi/BonuS/infusions/user_info_panel/board/etk/CartaSi/BonuS/cartaprelievi/atm/www.cartasi.it/ricarica/sold/bonus/index.php?asdq...,248.0,229.0,0.0,3.4193819456463714,872.0,2021,,2024,,bad
tangye.co/wp-content/plugins/akismet/santander2.php/,co,tangye.co,co,wp-content/plugins/akismet/santander2.php/,52.0,42.0,0.0,3.169925001442312,4469.0,2011,2023,2024,US,bad
tangye.co/wp-content/plugins/akismet/santander2.php,co,tangye.co,co,wp-content/plugins/akismet/santander2.php,51.0,41.0,0.0,3.169925001442312,4469.0,2011,2023,2024,US,bad
4queijosrecarga.blogspot.com/,com,4queijosrecarga.blogspot.com,com,,29.0,0.0,0.0,4.02164063634332,,,,,,bad
zaggel.nl/images_library/frmvsa.php,nl,zaggel.nl,nl,images_library/frmvsa.php,35.0,25.0,0.0,2.725480556997868,5260.0,2009,2021,,,bad
www.trdbreed.com/forum/avatars/dir/,com,www.trdbreed.com,com,forum/avatars/dir/,35.0,18.0,0.0,3.202819531114783,119.0,2023,2023,2024,,bad
www.websitedoanhnghiep.vn/intl/update/error_login.htm,vn,www.websitedoanhnghiep.vn,vn,intl/update/error_login.htm,53.0,27.0,0.0,3.7034651896016464,19561.0,1970,2001,,,bad
i2h.de/f71995,de,i2h.de,de,f71995,13.0,6.0,0.0,2.584962500721156,,,2022,,,bad
cafeauadedimineata.com/d/index.php,com,cafeauadedimineata.com,com,d/index.php,34.0,11.0,0.0,3.351953074246375,,,,,,bad
www.bestbusinesscards.co.uk/wp-content/themes/thematic/wwww.paypal.com/,uk,www.bestbusinesscards.co.uk,uk,wp-content/themes/thematic/wwww.paypal.com/,71.0,43.0,0.0,3.6763906325796274,4933.0,19-J,30-J,19-J,,bad
chdphd.com/Thumbnails/yin/verification/index.php?img=AOL,com,chdphd.com,com,Thumbnails/yin/verification/index.php?img=AOL,56.0,45.0,0.0,2.721928094887362,,,,,,bad
anglo-american-supplier.yolasite.com/,com,anglo-american-supplier.yolasite.com,com,,37.0,0.0,0.0,3.9749375012019263,,,,,,bad
www.vilatiana.com/tiana/xmlrpc/cache/,com,www.vilatiana.com,com,tiana/xmlrpc/cache/,37.0,19.0,0.0,3.292770193936991,6317.0,2006,2023,2024,BG,bad
serviceteam-info.info/,info,serviceteam-info.info,info,,22.0,0.0,0.0,3.653756708287001,,,,,,bad
orkutr.blogspot.com/,com,orkutr.blogspot.com,com,,20.0,0.0,0.0,3.511085408180426,,,,,,bad
getsocial.bo.lt/2v2dw,lt,getsocial.bo.lt,lt,2v2dw,21.0,5.0,0.0,3.3735572622751855,2957.0,2015,,2024,,bad
www.ilkayelektronik.com.tr/modules/mod_stats/tmpl/c1/confirmando.html,tr,www.ilkayelektronik.com.tr,tr,modules/mod_stats/tmpl/c1/confirmando.html,69.0,42.0,0.0,3.690260390968384,,,,,,bad
familie.vangaalen.nu/components/com_content/views/category/tmpl/index.htm,nu,familie.vangaalen.nu,nu,components/com_content/views/category/tmpl/index.htm,73.0,52.0,0.0,3.2841837197791888,,,,,,bad
steampawered.hut4.ru/,ru,steampawered.hut4.ru,ru,,21.0,0.0,0.0,3.5841837197791886,6771.0,2005,,2024,,bad
'www.trainee.daanidda.de/libraries/joomla/client/Nordea/Sikker\%20nettbetaling.htm',cc,programavaidevisa.co.cc,cc,,24.0,0.0,0.0,3.534219021180341,,,,spon,,bad
programavaidevisa.co.cc/,au,mcdonaldmeats.com.au,au,images/index.php,37.0,16.0,0.0,3.4464393446710155,,,,,,bad
mcdonaldmeats.com.au/images/index.php,net,hedwigus.net,net,paypal/login.htm,29.0,16.0,0.0,3.418295834054489,,,,,,bad
hedwigus.net/paypal/login.htm,com,columbiahomesnw.com,com,wp-content/themes/StevesEnvisioned/cache/pichincha/pichincha.html,85.0,65.0,0.0,3.642149881636903,7869.0,2002,2023,2025,US,bad
columbiahomesnw.com/wp-content/themes/StevesEnvisioned/cache/pichincha/pichincha.html,com,columbiahomesnw.com,com,xbanners/banco/pichincha/pichincha.html,59.0,39.0,0.0,3.642149881636903,7869.0,2002,2023,2025,US,bad
columbiahomesnw.com/xbanners/banco/pichincha/pichincha.html,com,gvzfinanzen.com,com,cntrl/_webscr.php?nxEXEC=d2Vic2NyX3ByaW0ucGhwP254RVhFQz1kMlZpYzJOeUxuQm9jRDlqYldSZlBXMWxiV0psY2k1MlpYSnBabms9,125.0,109.0,0.0,3.4565647621309536,,,,,,bad
gvzfinanzen.com/cntrl/_webscr.php?nxEXEC=d2Vic2NyX3ByaW0ucGhwP254RVhFQz1kMlZpYzJOeUxuQm9jRDlqYldSZlBXMWxiV0psY2k1MlpYSnBabms9,net,hedwigus.net,net,paypal/login.htm?paypal.com/us/cgi-bin/webscr?cmd=_login-submit&dispatch=5885d80a13c0db1f1ff80d546411d7f8a8350c132bc41e0934cfc023d4e8f9e5,150.0,137.0,0.0,3.418295834054489,,,,,,bad
hedwigus.net/paypal/login.htm?paypal.com/us/cgi-bin/webscr?cmd=_login-submit&dispatch=5885d80a13c0db1f1ff80d546411d7f8a8350c132bc41e0934cfc023d4e8f9e5,net,mastercard-verifizieren.net,net,,28.0,0.0,0.0,3.6302753548819777,,,,,,bad
mastercard-verifizieren.net/,com,monkeyfarmartworks.com,com,index.php,32.0,9.0,0.0,3.629219686524096,5383.0,2008,2022,2024,,bad
'www.trainee.daanidda.de/libraries/joomla/Nordea/Siker\%20nettbetaling.htm',com,nairobihost.com,com,images/pagenew/trader.htm,41.0,25.0,0.0,3.4565647621309536,4701.0,2010,2022,2023,IS,bad
monkeyfarmartworks.com/index.php,ai,abre.ai,ai,c0Y,11.0,3.0,0.0,2.5216406363433186,2045.0,2017,,,BR,bad
nairobihost.com/images/pagenew/trader.htm,au,everlastwelds.com.au,au,welders/citizensbank/citizensbank/index.htm,64.0,43.0,0.0,3.6841837197791887,,,2023,,,bad
abre.ai/c0Y,ru,www.hotsnews.ru,ru,parser/nwplas/musja/3c0db1f8e263663d3faee8d9384d85353843a619606282818e09/ploaasa.htm?bde2559f62f0aee871e8fbe919bd2522bde2559f62f0aee871e8fbe919bd2522,165.0,149.0,0.0,3.1068905956085184,851.0,2021,,2024,,bad
everlastwelds.com.au/welders/citizensbank/citizensbank/index.htm,it,domusdeitappetidipietra.it,it,newsgutuma/lists/loading/loading.html?6f09f192fe046b85bc520703772c5832,97.0,70.0,0.0,3.320658834259276,6331.0,2006,2023,2024,IT,bad
www.hotsnews.ru/parser/nwplas/musja/3c0db1f8e263663d3faee8d9384d85353843a619606282818e09/ploaasa.htm?bde2559f62f0aee871e8fbe919bd2522bde2559f62f0aee871e8fbe919bd2522,au,www.paypal.lorimar.id.au,au,uk/cgl-bln/?waebscs?camd=_liogin-roun&disspa,69.0,44.0,0.0,3.386842188131012,,,,,,bad
domusdeitappetidipietra.it/newsgutuma/lists/loading/loading.html?6f09f192fe046b85bc520703772c5832,tk,kamasgratis.tk,tk,,15.0,0.0,0.0,3.039148671903071,,,,,,bad
www.paypal.lorimar.id.au/uk/cgl-bln/?waebscs?camd=_liogin-roun&disspa,com,www.wastleventuresinc.com,com,,26.0,0.0,0.0,3.7336606896881848,,,,,,bad
kamasgratis.tk/,com,abbey-bnk-plc.com,com,international-productssamples/login.htm,57.0,39.0,0.0,3.572469458770136,,,,,,bad
www.wastleventuresinc.com/,com,autosdatamovil.com,com,imagenes/logos/,34.0,15.0,0.0,3.419381945646371,,,,,,bad
abbey-bnk-plc.com/international-productssamples/login.htm,cz,kominictvicech.cz,cz,xmlrpc/cache/IRS.gov/,39.0,21.0,0.0,3.3371753411230767,,,,,,bad
autosdatamovil.com/imagenes/logos/,com,lethycorp.com,com,components/com_media/images/15/Atualizar_Dados.php?atendimento,76.0,62.0,0.0,3.3927474104487847,4999.0,2009,2022,2023,VN,bad
kominictvicech.cz/xmlrpc/cache/IRS.gov/,me,www.paypal.com.userid6754456.spinoza.me,me,,40.0,0.0,0.0,4.2117021424282175,,,,,,bad
lethycorp.com/components/com_media/images/15/Atualizar_Dados.php?atendimento,com,rowan.protgp.com,com,~mysql/www.ppl.com/uk/webscr.html,50.0,33.0,1.0,3.327819531114783,2423.0,2016,2022,2023,US,bad
www.paypal.com.userid6754456.spinoza.me/,au,www.paypal.yvgg.com.au,au,de/cgi-bin/?webscr?cmd=_login-run&dispatchMessage-ID:,76.0,53.0,0.0,3.3908054820769813,,,,,,bad
rowan.protgp.com/~mysql/www.ppl.com/uk/webscr.html,cn,rrurl.cn,cn,l39Hr5,15.0,6.0,0.0,2.4056390622295662,4805.0,2010,,2025,,bad
"'tr.delivery.whservidor.com/index.dma/DmaClick?13871,2,150512,19,2ada729729509819a71219b075f38459,aHR0cDovL3d3dy52YWlkZXZpc2Fnb2NhZGFzdHJvLmNvbS8'",com,emotiffilms.com,com,wp-content/plugins/Wordpress_Backup/index.php,61.0,45.0,0.0,3.189898095464287,,,,,,bad
www.paypal.yvgg.com.au/de/cgi-bin/?webscr?cmd=_login-run&dispatchMessage-ID:,ir,dom.ir,ir,44023,12.0,5.0,0.0,2.584962500721156,,,,,,bad
rrurl.cn/l39Hr5,com,accounts.aolservs.com,com,ServiceLogin/service=mail-passive=true-rm-false-continue-mail.google.com.mail.scc=1&amp;ltmpl=default-ltmplcache=2.php,140.0,118.0,0.0,3.5225715891363594,,,,,,bad
emotiffilms.com/wp-content/plugins/Wordpress_Backup/index.php,net,home.comcast.net,net,~rford86/?accounts.paypal.secure_login-jsp,59.0,42.0,1.0,3.25,9432.0,1997,2022,2023,US,bad
dom.ir/44023,ro,www.evenimentulmuscelean.ro,ro,tmp/,32.0,4.0,0.0,3.676390632579627,5592.0,2008,,2024,,bad
accounts.aolservs.com/ServiceLogin/service=mail-passive=true-rm-false-continue-mail.google.com.mail.scc=1&amp;ltmpl=default-ltmplcache=2.php,uk,customer.update.update.cgi-in.us.security.update-paypal.service.paypal.com.brilliant-accountants.co.uk,uk,login-paypal/accounts/service/service-peyment/update/login.aspx/,167.0,64.0,0.0,4.0947206571520045,,,,,,bad
home.comcast.net/~rford86/?accounts.paypal.secure_login-jsp,com,www.deneenblocker.com,com,loa/do/www.bpd.com.do/app/do/personas/289302294350311363178310441412402464323394411438376403437407/banco.popular.php?Personal,147.0,125.0,0.0,3.403989446485262,85.0,2023,2023,2024,KE,bad
www.evenimentulmuscelean.ro/tmp/,au,centraltwitteer.blogspot.com.au,au,,32.0,0.0,0.0,3.861476859389222,,,,,,bad
customer.update.update.cgi-in.us.security.update-paypal.service.paypal.com.brilliant-accountants.co.uk/login-paypal/accounts/service/service-peyment/update/login.aspx/,us,likepics.us,us,images/santander/Logon.php,38.0,26.0,0.0,3.0957952550009344,,,,,,bad
www.deneenblocker.com/loa/do/www.bpd.com.do/app/do/personas/289302294350311363178310441412402464323394411438376403437407/banco.popular.php?Personal,com,funntyme.com,com,_themes/fiesta/_vti_cnf/backup/great-dane-pussy.html,65.0,52.0,0.0,3.2516291673878226,,,,,,bad
centraltwitteer.blogspot.com.au/,ir,dom.ir,ir,202899,13.0,6.0,0.0,2.584962500721156,,,,,,bad
likepics.us/images/santander/Logon.php,us,likepics.us,us,add22/signon.php?section=signinpage&amp;update=&amp;cookiecheck=yes&amp;destination=nba/signin,106.0,94.0,0.0,3.0957952550009344,,,,,,bad
funntyme.com/_themes/fiesta/_vti_cnf/backup/great-dane-pussy.html,nl,tegelzetbedrijfkaro.nl,nl,galerij/g2data/smarty/templates_c/Login/bill_form.html?run=login_cmd&amp;statut=true&amp;layout=a7d2c89b3f9e36ae8d1b6a98fe8c23dc0306e83d7f96b99f59a715e,174.0,151.0,0.0,3.8230679822736593,5389.0,2008,2020,,,bad
dom.ir/202899,ch,arunis-thai-catering.ch,ch,webmail.aol.com/,40.0,16.0,0.0,3.588354347173234,4946.0,2010,,,,bad
likepics.us/add22/signon.php?section=signinpage&amp;update=&amp;cookiecheck=yes&amp;destination=nba/signin,com,lethycorp.com,com,components/com_media/images/11/atendimento.html,61.0,47.0,0.0,3.3927474104487847,4999.0,2009,2022,2023,VN,bad
tegelzetbedrijfkaro.nl/galerij/g2data/smarty/templates_c/Login/bill_form.html?run=login_cmd&amp;statut=true&amp;layout=a7d2c89b3f9e36ae8d1b6a98fe8c23dc0306e83d7f96b99f59a715e,com,arizonacraiglist.com,com,,21.0,0.0,0.0,3.546439344671015,,,,,,bad
arunis-thai-catering.ch/webmail.aol.com/,au,anonymous--br.blogspot.com.au,au,,30.0,0.0,0.0,3.810928306279287,,,,,,bad
lethycorp.com/components/com_media/images/11/atendimento.html,com,anonymous--br.blogspot.com,com,,27.0,0.0,0.0,3.792376622970445,,,,,,bad
arizonacraiglist.com/,com,lethycorp.com,com,components/com_media/images/2/atendimento.html,60.0,46.0,0.0,3.3927474104487847,4999.0,2009,2022,2023,VN,bad
anonymous--br.blogspot.com.au/,de,www.tamfidelidade.22o.de,de,,25.0,0.0,0.0,3.4072682296173897,,,2022,,,bad
anonymous--br.blogspot.com/,be,andas.be,be,aa/ppbb/webscr.php?cmd=_flow&SESSION=0iyOqWIBX0N3rpBRjb-SrnX8kwSeMZdtAwUxe5vDvI7mxhdC6KjVI9jQcr4&dispatch=5885d80a13c0db1f8e263663d3faee8d9384d85353843a619606282,170.0,161.0,0.0,2.75,,,,,,bad
lethycorp.com/components/com_media/images/2/atendimento.html,com,gaysylesbianasdeuruguay.com,com,modules/mod_banners/tmpl/tmpc/paypal.fr/cgi-bin/update/index.php?cdm=_loginrun&dispatch=www.paypal.com/fr/cgi-bin/webscr?cdm=_login-run&dispatch=5885d80a13c0db1f8e263663d3faee8d9384d85353843a619606282818e091d0,237.0,209.0,0.0,3.7821222241453065,222.0,2022,2023,2023,US,bad
www.tamfidelidade.22o.de/,com,www.passerive.com,com,plugins/tmp/Cielo1/index.php,46.0,28.0,0.0,3.454822399946607,453.0,2022,2023,2024,CN,bad
andas.be/aa/ppbb/webscr.php?cmd=_flow&SESSION=0iyOqWIBX0N3rpBRjb-SrnX8kwSeMZdtAwUxe5vDvI7mxhdC6KjVI9jQcr4&dispatch=5885d80a13c0db1f8e263663d3faee8d9384d85353843a619606282,com,www.passerive.com,com,plugins/tmp/Cielo1/areadecadastramento.php,60.0,42.0,0.0,3.454822399946607,453.0,2022,2023,2024,CN,bad
gaysylesbianasdeuruguay.com/modules/mod_banners/tmpl/tmpc/paypal.fr/cgi-bin/update/index.php?cdm=_loginrun&dispatch=www.paypal.com/fr/cgi-bin/webscr?cdm=_login-run&dispatch=5885d80a13c0db1f8e263663d3faee8d9384d85353843a619606282818e091d0,info,www.svadsi.info,info,wp-content/themes/twentyeleven/images/forms.asp.htm,67.0,51.0,0.0,3.189898095464287,,,,,,bad
www.passerive.com/plugins/tmp/Cielo1/index.php,uk,brilliant-accountants.co.uk,uk,brili/confrom.htm?source=login&sitedomain=sns.www.PayPal.com.com&lang=en&seamless=novl&offerId=newmail-en-us-v2&authLev=0&siteState50d7ddd3b508eb215bf696eccd413a3d50d7ddd3b508eb215bf696eccd413a3d,223.0,195.0,0.0,3.680089353694807,2977.0,29-M,26-M,29-M,,bad
www.passerive.com/plugins/tmp/Cielo1/areadecadastramento.php,ms,promocionalpremios.cn.ms,ms,,25.0,0.0,0.0,3.470175521464345,,,,,,bad
www.svadsi.info/wp-content/themes/twentyeleven/images/forms.asp.htm,com,www.cafeauadedimineata.com,com,aauss/paypal.com.au/paypal.com.au/,61.0,34.0,0.0,3.5035391228040247,,,,,,bad
brilliant-accountants.co.uk/brili/confrom.htm?source=login&sitedomain=sns.www.PayPal.com.com&lang=en&seamless=novl&offerId=newmail-en-us-v2&authLev=0&siteState50d7ddd3b508eb215bf696eccd413a3d50d7ddd3b508eb215bf696eccd413a3d,to,paypal-entsperren.e7.to,to,,23.0,0.0,0.0,3.5342190211803413,,,,,,bad
promocionalpremios.cn.ms/,tg,www.cnlpaltogo.tg,tg,tam.com.br/,29.0,11.0,0.0,3.219528282299548,,,,,,bad
www.cafeauadedimineata.com/aauss/paypal.com.au/paypal.com.au/,ar,superofertassrl.com.ar,ar,media/.../a/,35.0,12.0,0.0,3.5160276412662297,,,,,,bad
paypal-entsperren.e7.to,net,home.comcast.net,net,~graczyk2/httpwww.craigslist.orgabouthelpsystemstatuss.craigslist-step.html,92.0,75.0,1.0,3.25,9432.0,1997,2022,2023,US,bad
www.cnlpaltogo.tg/tam.com.br/,be,andas.be,be,ab/ppbb/webscr.php?cmd=_flow&SESSION=0iyOqWIBX0N3rpBRjb-SrnX8kwSeMZdtAwUxe5vDvI7mxhdC6KjVI9jQcr4&dispatch=5885d80a13c0db1f8e263663d3faee8d9384d85353843a619606282,170.0,161.0,0.0,2.75,,,,,,bad
superofertassrl.com.ar/media/.../a/,com,dollshouseofstyle.com,com,wordpress/wp-includes/pomo/us/paypal/webscrcmd=_login-run/cgi-bin/update/login/,101.0,79.0,0.0,3.4632805178108104,,,,,,bad
home.comcast.net/~graczyk2/httpwww.craigslist.orgabouthelpsystemstatuss.craigslist-step.html,com,www.syscompsa.com,com,upload/billin7221.html,40.0,22.0,0.0,3.057476076289932,5233.0,2009,2023,2024,US,bad
andas.be/ab/ppbb/webscr.php?cmd=_flow&SESSION=0iyOqWIBX0N3rpBRjb-SrnX8kwSeMZdtAwUxe5vDvI7mxhdC6KjVI9jQcr4&dispatch=5885d80a13c0db1f8e263663d3faee8d9384d85353843a619606282,mn,www.brb.mn,mn,https/pp/us/www.Paypal.com/webscr.php?cmd=_login-run&amp;dispatch=5885d80a13c0db1f1ff80d546411d7f8a8350c132bc41e0934cfc023d4e8f9e5c842e296791bbf311cee12c27c4ee629c842e296791bbf311cee12c27c4ee629,205.0,194.0,0.0,2.4464393446710155,5457.0,2008,2022,2023,MN,bad
dollshouseofstyle.com/wordpress/wp-includes/pomo/us/paypal/webscrcmd=_login-run/cgi-bin/update/login/,au,www.kandycrew.com.au,au,us/,24.0,3.0,0.0,3.4841837197791885,,,2023,,,bad
www.syscompsa.com/upload/billin7221.html,it,www.sofos.it,it,arcobaleno/http/www.santander.com.br/empresarial/?cli=Cliente&/ZY9TkeCBqW/xrrVOxlUpA.php,101.0,88.0,0.0,2.6887218755408666,10008.0,1996,2022,2023,,bad
www.brb.mn/https/pp/us/www.Paypal.com/webscr.php?cmd=_login-run&amp;dispatch=5885d80a13c0db1f1ff80d546411d7f8a8350c132bc41e0934cfc023d4e8f9e5c842e296791bbf311cee12c27c4ee629c842e296791bbf311cee12c27c4ee629,br,sitekey.bankofamerica.com.contraponto-mt.com.br,br,.BankOfAmerica/sas.php?section=s1gninp4ge&upd4te=&c00kiecheck=yes&destinati0n=nba/s1gn1n,136.0,88.0,0.0,3.8655659158211653,,,,,,bad
www.kandycrew.com.au/us/,cl,paypal.it.u.cgi.bin.webscr.sumbit.security.dispatch23423152354326463623465242342468557.turismodiscovery.cl,cl,1/login/webscr.php?cmd=_login-run&dispatch=5885d80a13c0db1f1ff80d546411d7f84f1036d8f209d3d19ebb6f4eeec8bd0e09113f584fc6b4488171a345f58c97e009113f584fc6b4488171a345f58c97e0,278.0,171.0,0.0,4.519003862106012,,,,,,bad
www.sofos.it/arcobaleno/http/www.santander.com.br/empresarial/?cli=Cliente&/ZY9TkeCBqW/xrrVOxlUpA.php,ir,dom.ir,ir,183383,13.0,6.0,0.0,2.584962500721156,,,,,,bad
sitekey.bankofamerica.com.contraponto-mt.com.br/.BankOfAmerica/sas.php?section=s1gninp4ge&upd4te=&c00kiecheck=yes&destinati0n=nba/s1gn1n,ai,abre.ai,ai,confirmando234,22.0,14.0,0.0,2.5216406363433186,2045.0,2017,,,BR,bad
paypal.it.u.cgi.bin.webscr.sumbit.security.dispatch23423152354326463623465242342468557.turismodiscovery.cl/1/login/webscr.php?cmd=_login-run&dispatch=5885d80a13c0db1f1ff80d546411d7f84f1036d8f209d3d19ebb6f4eeec8bd0e09113f584fc6b4488171a345f58c97e009113f584fc6b4488171a345f58c97e0,no,www.klaerogfritid.no,no,includes/help.php?check=3,46.0,25.0,0.0,3.6841837197791887,5353.0,2008,2022,,,bad
dom.ir/183383,ai,abre.ai,ai,processando,19.0,11.0,0.0,2.5216406363433186,2045.0,2017,,,BR,bad
abre.ai/confirmando234,fr,www.saintelucetennis.fr,fr,cache/done.php,38.0,14.0,0.0,3.555533151426996,5513.0,2008,2022,2024,FR,bad
www.klaerogfritid.no/includes/help.php?check=3,fr,www.saintelucetennis.fr,fr,media/paypal_us/management/financial/login.html?cmd=_login-run,86.0,62.0,0.0,3.555533151426996,5513.0,2008,2022,2024,FR,bad
abre.ai/processando,se,kaprodukter.se,se,PP/,18.0,3.0,0.0,3.378783493486176,,,,,,bad
www.saintelucetennis.fr/cache/done.php,ru,www.startmart.ru,ru,www.chase.com.htm,34.0,17.0,0.0,2.8584585933443494,5749.0,2007,,2023,,bad
www.saintelucetennis.fr/media/paypal_us/management/financial/login.html?cmd=_login-run,com,www.cnhuihuang.com,com,ingu/rdc/,28.0,9.0,0.0,3.350209029099897,571.0,2021,2023,2023,CN,bad
kaprodukter.se/PP/,cz,mail1.volny.cz,cz,~~6e7c8b30934e011cd732300166d6c4cb/attach2/6a25681a4563b0ffa0f58d6edee8bca5?enc=base64&name=signin.htm&ctype=application/octet-stream&part=1.2&parse_id=1328591646-28482-Al1W3k2g&file_id=2&mode=view&redir=1&xchrsMessage-ID:,237.0,222.0,2.0,3.521640636343319,8752.0,06.0,08.1,27.1,CZ,bad
www.startmart.ru/www.chase.com.htm,ai,abre.ai,ai,cw4,11.0,3.0,0.0,2.5216406363433186,2045.0,2017,,,BR,bad
www.cnhuihuang.com/ingu/rdc/,com,apspedrocharry.com,com,plugins/content/usecure/paypal.co.uk/zooka/pp-uk/logginn.html,80.0,61.0,0.0,3.4613201402110083,2735.0,2016,2023,2024,,bad
mail1.volny.cz/~~6e7c8b30934e011cd732300166d6c4cb/attach2/6a25681a4563b0ffa0f58d6edee8bca5?enc=base64&name=signin.htm&ctype=application/octet-stream&part=1.2&parse_id=1328591646-28482-Al1W3k2g&file_id=2&mode=view&redir=1&xchrsMessage-ID:,com,www.blazeoutdooradventures.com,com,www.paypal.com.nl/www.paypal.com.nl/paypal/nl/cgi-bin/webscrcmd=_login-run/paypal.php?cmd=_login-run&dispatch=5885d80a13c0db1f1ff80d546411d7f8a8350c132bc41e0934cfc023d4e8f9e5,205.0,174.0,0.0,3.9232314287976204,,,,,,bad
abre.ai/cw4,com,gaysylesbianasdeuruguay.com,com,modules/mod_feed/tmpl/tmpe/paypal.fr/cgi-bin/update/webscr.php?cmd=_login-run&amp;dispatch=www.paypal.com/fr/cgi-bin/webscr?cmd=_login-run&amp;dispatch=5885d80a13c0db1f8e263663d3faee8d9384d85353843a619606282818e091d0,244.0,216.0,0.0,3.7821222241453065,222.0,2022,2023,2023,US,bad
apspedrocharry.com/plugins/content/usecure/paypal.co.uk/zooka/pp-uk/logginn.html,jp,www.s-translation.jp,jp,cgi-bin/translateHtml.cgi/JE/MODEF/http/www.ebay.com/itm/2004-2010-TOYOTA-SIENNA-TOWING-HITCH-/220456207019,128.0,107.0,0.0,3.5841837197791886,,,,,,bad
www.blazeoutdooradventures.com/www.paypal.com.nl/www.paypal.com.nl/paypal/nl/cgi-bin/webscrcmd=_login-run/paypal.php?cmd=_login-run&dispatch=5885d80a13c0db1f1ff80d546411d7f8a8350c132bc41e0934cfc023d4e8f9e5,com,aufildessaisons.com,com,gi/myalbum/sample/oi/Bienvenido.php,55.0,35.0,0.0,3.511085408180427,7278.0,2003,2022,2025,US,bad
gaysylesbianasdeuruguay.com/modules/mod_feed/tmpl/tmpe/paypal.fr/cgi-bin/update/webscr.php?cmd=_login-run&amp;dispatch=www.paypal.com/fr/cgi-bin/webscr?cmd=_login-run&amp;dispatch=5885d80a13c0db1f8e263663d3faee8d9384d85353843a619606282818e091d0,com,astraprinting.blogspot.com,com,2012/01/paypal-indonesia.html,56.0,29.0,0.0,3.719294525666979,,,,,,bad
www.s-translation.jp/cgi-bin/translateHtml.cgi/JE/MODEF/http/www.ebay.com/itm/2004-2010-TOYOTA-SIENNA-TOWING-HITCH-/220456207019,com,www.portalurate.com,com,home//images/stories/manteigas/tam/,55.0,35.0,0.0,3.4713544870139286,6215.0,2006,2023,2024,PT,bad
aufildessaisons.com/gi/myalbum/sample/oi/Bienvenido.php,fr,www.xavierliebard.fr,fr,us/index.php,33.0,12.0,0.0,3.446439344671015,,,,,,bad
astraprinting.blogspot.com/2012/01/paypal-indonesia.html,org,embarrass.org,org,index.php?option=com_content&amp;task=blogsection&amp;id=5&amp;Itemid=30,86.0,72.0,0.0,3.0269868333592873,9588.0,1997,2022,2027,US,bad
www.portalurate.com/home//images/stories/manteigas/tam/,com,www.vlxd24h.com,com,Paypal.cgi/,27.0,11.0,0.0,3.4565647621309536,2076.0,2017,2021,2024,VN,bad
www.xavierliebard.fr/us/index.php,com,www.ourocardcielo.com,com,,22.0,0.0,0.0,3.368042422572715,,,,,,bad
embarrass.org/index.php?option=com_content&amp;task=blogsection&amp;id=5&amp;Itemid=30,net,us.ecitylife.net,net,imgs/pp/,25.0,8.0,0.0,3.327819531114783,,,,,,bad
www.vlxd24h.com/Paypal.cgi/,nl,www.tentensuite.nl,nl,media/01/,28.0,9.0,0.0,3.0021722231837638,5067.0,2009,2021,,,bad
www.ourocardcielo.com/,nl,www.tentensuite.nl,nl,media/01/?atendimento.online=9r89g8798d98g8g56g45f456hf68hg,78.0,59.0,0.0,3.0021722231837638,5067.0,2009,2021,,,bad
us.ecitylife.net/imgs/pp/,com,dittberner.com,com,images/topbargreenish/421492158329583159124812052831952385/2093129540219523509235/,97.0,82.0,0.0,3.3787834934861767,10181.0,1995,2022,2024,US,bad
www.tentensuite.nl/media/01/,com,fedraquintanilla.cmail1.com,com,t/j/l/qlrdjl/ijirtra/r/,51.0,23.0,0.0,3.8100810205217304,6578.0,2005,2023,2025,AU,bad
www.tentensuite.nl/media/01/?atendimento.online=9r89g8798d98g8g56g45f456hf68hg,uz,www.online-advokat.uz,uz,logs/www.comxnet.dk.htm,45.0,23.0,0.0,3.7849418274376423,,,,,,bad
dittberner.com/images/topbargreenish/421492158329583159124812052831952385/2093129540219523509235/,ch,metabolic-repair.ch,ch,.newimgs/,29.0,9.0,0.0,3.7216117239699007,,,,,,bad
fedraquintanilla.cmail1.com/t/j/l/qlrdjl/ijirtra/r/,au,coolya.com.au,au,holdingpage/,26.0,12.0,0.0,2.873140679513133,,,,,,bad
www.online-advokat.uz/logs/www.comxnet.dk.htm,com,fonkdesign.com,com,lib/.secure/pp-uk/logginn.html,45.0,30.0,0.0,3.521640636343319,797.0,2021,2021,2024,US,bad
metabolic-repair.ch/.newimgs/,be,www.ikspaarvoorlater.be,be,images/www.paypal.com/,46.0,22.0,0.0,3.6424896731661267,,,,,,bad
coolya.com.au/holdingpage/,br,jorgemoura.net.br,br,wp-cielo.php??#sclient=psy-ab&hl=pt-BR&biw=1920&bih=887&source=hp&q=internet,94.0,76.0,0.0,3.4548223999466066,,,,,,bad
fonkdesign.com/lib/.secure/pp-uk/logginn.html,br,jorgemoura.net.br,br,wp-cielo.php,30.0,12.0,0.0,3.4548223999466066,,,,,,bad
www.ikspaarvoorlater.be/images/www.paypal.com/,br,jorgemoura.net.br,br,wp-cielo.php??#sclient=psy-ab&amp;hl=pt-BR&amp;biw=1920&amp;bih=887&amp;source=hp&amp;q=internet,114.0,96.0,0.0,3.4548223999466066,,,,,,bad
jorgemoura.net.br/wp-cielo.php??#sclient=psy-ab&hl=pt-BR&biw=1920&bih=887&source=hp&q=internet,br,jorgemoura.net.br,br,/wp-content/themes/Magnificent/temp/tam_linhas_aereas/index.html,82.0,64.0,0.0,3.4548223999466066,,,,,,bad
jorgemoura.net.br/wp-cielo.php,fr,www.laboutiquedevalou.fr,fr,images/includes/shop/perm/index.htm,60.0,35.0,0.0,3.772055208874201,4247.0,2011,2022,2023,,bad
"'jorgemoura.net.br/wp-cielo.php??#sclient=psy-ab&amp;hl=pt-BR&amp;biw=1920&amp;bih=887&amp;source=hp&amp;q=internet\%20que\%20da\%20premios\%20santander&amp;pbx=1&amp;oq=&amp;aq=&amp;aqi=&amp;aql=&amp;gs_sm=&amp;gs_upl=&amp;bav=on.2,or.r_gc.r_pw.,cf.osb&amp;fp=aa151a29d476e27c&amp;pf=p&amp;pdl=500'",net,www.thecontentlibrary.net,net,imag/profileimages/.security-message-identification-code/,83.0,57.0,0.0,3.5932696895151075,,,,,,bad
jorgemoura.net.br/wp-cielo.php??#sclient=psy-ab&amp;hl=pt-BR&amp;biw=1920&amp;bih=887&amp;source=hp&amp;q=internet,it,www.sofos.it,it,arcobaleno/http/www.santander.com.br/empresarial/?cli=Cliente&/gEzHQUezix/GJLwI0OmDj.php,101.0,88.0,0.0,2.6887218755408666,10008.0,1996,2022,2023,,bad
jorgemoura.net.br//wp-content/themes/Magnificent/temp/tam_linhas_aereas/index.html,pl,agmanet.pl,pl,ustron/images/stories/diva/veraotam2012/?promocoesbonusmultiplus,75.0,64.0,0.0,3.121928094887362,,,,,,bad
www.laboutiquedevalou.fr/images/includes/shop/perm/index.htm,info,www.mhdshop.info,info,email/email_template_default.html,50.0,33.0,0.0,3.327819531114783,,,,,,bad
www.thecontentlibrary.net/imag/profileimages/.security-message-identification-code/,com,2cocktails.com,com,backup/img/red/?item=4173,40.0,25.0,0.0,3.3248629576173574,,,,,,bad
www.sofos.it/arcobaleno/http/www.santander.com.br/empresarial/?cli=Cliente&/gEzHQUezix/GJLwI0OmDj.php,jp,www.kogass.jp,jp,games/city/photo/support/form.html,48.0,34.0,0.0,3.0269868333592873,6992.0,2004,2023,2024,,bad
agmanet.pl/ustron/images/stories/diva/veraotam2012/?promocoesbonusmultiplus,tk,runescape-forums-win.tk,tk,,24.0,0.0,0.0,4.001822825622231,,,,,,bad
www.mhdshop.info/email/email_template_default.html,tk,fqomvzj.tk,tk,,11.0,0.0,0.0,3.321928094887362,,,,,,bad
2cocktails.com/backup/img/red/?item=4173,gr,evagelou.com.gr,gr,eng/wp-content/uploads/2012/01/forms1.htm,57.0,41.0,0.0,3.373557262275185,,,,,,bad
www.kogass.jp/games/city/photo/support/form.html,au,129.neildunbar.com.au,au,indx.php,30.0,8.0,0.0,3.880179922675738,,,,,,bad
runescape-forums-win.tk/,uk,davidfischhoff.co.uk,uk,david/modules/vbv.php,42.0,21.0,0.0,3.4841837197791885,6318.0,05-A,06-M,05-A,,bad
fqomvzj.tk/,cx,faccebook.ca.cx,cx,,16.0,0.0,0.0,2.9735572622751856,420.0,2022,2022,2025,CN,bad
evagelou.com.gr/eng/wp-content/uploads/2012/01/forms1.htm,fr,focebook2012.new.fr,fr,,20.0,0.0,0.0,3.5766176449086653,2084.0,2017,2023,2024,FR,bad
129.neildunbar.com.au/indx.php,fr,linuxienwawa.free.fr,fr,,21.0,0.0,0.0,3.3841837197791884,8896.0,1999,2023,2024,FR,bad
davidfischhoff.co.uk/david/modules/vbv.php,com,www.recycleengineering.com,com,Flash/_notes/mau/airCros.php,55.0,28.0,0.0,3.397581911182353,8425.0,2000,2023,2024,TH,bad
faccebook.ca.cx/,cl,temucomambo.cl,cl,templates/beez/images/index.php/,47.0,32.0,0.0,3.182005814760214,5530.0,2008,,2024,,bad
focebook2012.new.fr/,ms,multiplus-sa-tam.com.br.ms,ms,,27.0,0.0,0.0,3.642371448743902,,,,,,bad
linuxienwawa.free.fr/,com,www.recycleengineering.com,com,Connections/Acesso/img/private.php?0.18510.0.41295.0.27949,85.0,58.0,0.0,3.397581911182353,8425.0,2000,2023,2024,TH,bad
www.recycleengineering.com/Flash/_notes/mau/airCros.php,com,clients.blueoceanadv.com,com,Facebook/assets/css/forms.htm,54.0,29.0,0.0,3.772055208874201,286.0,2022,2023,2023,MY,bad
temucomambo.cl/templates/beez/images/index.php/,au,fire.neildunbar.com.au,au,indx.php,31.0,8.0,0.0,3.697845823084412,,,,,,bad
multiplus-sa-tam.com.br.ms/,ir,dom.ir,ir,32586,12.0,5.0,0.0,2.584962500721156,,,,,,bad
www.recycleengineering.com/Connections/Acesso/img/private.php?0.18510.0.41295.0.27949,ms,tam-milhas-onine.com.br.ms,ms,,27.0,0.0,0.0,3.748328660365574,,,,,,bad
clients.blueoceanadv.com/Facebook/assets/css/forms.htm,by,east.by,by,002/,12.0,4.0,0.0,2.807354922057604,5456.0,2008,,2023,,bad
fire.neildunbar.com.au/indx.php,com,www.globalstylecricket.com,com,Sources/set.html,43.0,16.0,0.0,3.844106544814538,1052.0,2020,2022,2023,PA,bad
dom.ir/32586,lt,82-135-197-74.static.zebra.lt,lt,PMA/asdj34.php,44.0,14.0,0.0,4.159199529386524,3216.0,2014,,2023,,bad
tam-milhas-onine.com.br.ms/,ir,dom.ir,ir,26095,12.0,5.0,0.0,2.584962500721156,,,,,,bad
east.by/002/,com,all4workout.com,com,verified/by/run.php,35.0,19.0,0.0,3.4565647621309536,122.0,2023,2023,2024,,bad
www.globalstylecricket.com/Sources/set.html,com,habbo-moedasdenatal.blogspot.com,com,,33.0,0.0,0.0,3.8011085007312415,,,,,,bad
82-135-197-74.static.zebra.lt/PMA/asdj34.php,jp,www.b4u.sakura.ne.jp,jp,application/files/bill872a.html,52.0,31.0,0.0,3.4841837197791885,,,,,,bad
dom.ir/26095,cl,www.eov.cl,cl,noticias/imagenes/paypal.com.au/https/cgi-bin/webscrcmd=_login-run/webscrcmd=_account-run/updates-paypal/confirm-paypal/index.htm,140.0,129.0,0.0,2.6464393446710153,,,,,,bad
all4workout.com/verified/by/run.php,com,alpacauniversity.alpacastreet.com,com,wp-includes/Text/Diff/Engine/cms/,67.0,33.0,0.0,3.77850207357611,6023.0,2007,2023,2024,US,bad
habbo-moedasdenatal.blogspot.com/,np,paypal.com.cgi.bin.webscr.cmd.login.submit.dispatch.58d3fa4085d13c0db1f8e263663.lnkhanal.com.np,np,PayPal.en/Processing.php?webscr?cmd=_flow&SESSION=MWRVbSI4D3pZmo-aItIzTdIemdBE_rqu,178.0,82.0,0.0,4.590600019916754,,,,,,bad
www.b4u.sakura.ne.jp/application/files/bill872a.html,com,www.bjszkj.com,com,brv/winfo.htm?cmd_submitaccess0023044-submit=data_restore,72.0,57.0,0.0,3.182005814760214,616.0,2021,2022,2023,CN,bad
www.eov.cl/noticias/imagenes/paypal.com.au/https/cgi-bin/webscrcmd=_login-run/webscrcmd=_account-run/updates-paypal/confirm-paypal/index.htm,nl,www.herdersporen.nl,nl,modules/mod_login/index.html,48.0,28.0,0.0,3.2866294867861945,,,,,,bad
alpacauniversity.alpacastreet.com/wp-includes/Text/Diff/Engine/cms/,fr,ebay1.new.fr,fr,,13.0,0.0,0.0,3.2516291673878226,2084.0,2017,2023,2024,FR,bad
paypal.com.cgi.bin.webscr.cmd.login.submit.dispatch.58d3fa4085d13c0db1f8e263663.lnkhanal.com.np/PayPal.en/Processing.php?webscr?cmd=_flow&SESSION=MWRVbSI4D3pZmo-aItIzTdIemdBE_rqu,co,t.co,co,RaYDNjCn,13.0,8.0,0.0,2.0,4836.0,2010,2023,2024,US,bad
www.bjszkj.com/brv/winfo.htm?cmd_submitaccess0023044-submit=data_restore,com,zpqmf103kd.blogspot.com,com,,24.0,0.0,0.0,4.0559581516151235,,,,,,bad
www.herdersporen.nl/modules/mod_login/index.html,com,aerw25aserwe.blogspot.com,com,,26.0,0.0,0.0,3.863465189601646,,,,,,bad
ebay1.new.fr/,com,aerw25aerwo.blogspot.com,com,,25.0,0.0,0.0,3.834962500721157,,,,,,bad
t.co/RaYDNjCn,com,raghuarajulla.blogspot.com,com,,27.0,0.0,0.0,3.7192945256669785,,,,,,bad
zpqmf103kd.blogspot.com/,com,kashavvirrd.blogspot.com,com,,25.0,0.0,0.0,3.9701755214643453,,,,,,bad
aerw25aserwe.blogspot.com/,com,terewastpcv0.blogspot.com,com,,26.0,0.0,0.0,3.863465189601646,,,,,,bad
aerw25aerwo.blogspot.com/,com,krishdvkumar.blogspot.com,com,,26.0,0.0,0.0,4.053660689688185,,,,,,bad
raghuarajulla.blogspot.com/,com,awero25awerp.blogspot.com,com,,26.0,0.0,0.0,3.843856189774723,,,,,,bad
kashavvirrd.blogspot.com/,com,aerw25aerwop.blogspot.com,com,,26.0,0.0,0.0,3.843856189774723,,,,,,bad
terewastpcv0.blogspot.com/,co,t.co,co,iAMRltFL,13.0,8.0,0.0,2.0,4836.0,2010,2023,2024,US,bad
krishdvkumar.blogspot.com/,com,www.arabgmaes.com,com,it/,21.0,3.0,0.0,3.292770193936991,,,,,,bad
awero25awerp.blogspot.com/,com,ptcsitegptc.blogspot.com,com,p/paypal.html,38.0,13.0,0.0,3.4072682296173893,,,,,,bad
aerw25aerwop.blogspot.com/,ru,antares63.ru,ru,templates/beez/http/www.paypal.com/uk/cgi-bin/webscr.php?cmd=_login-run&amp;dispatch=5885d80a13c0db1f8e263663d3faee8db2b24f7b84f1819390b7e2d9283d70f1,162.0,149.0,0.0,3.2516291673878226,,,,,,bad
t.co/iAMRltFL,com,www.d1159127.domain.com,com,PayPal/webscr.php?cmd=_login-run&dispatch=5885d80a13c0db1f1ff80d546411d7f8a8350c132bc41e0934cfc023d4e8f9e5f0c4c085ecc2f538aa341eacbf798492f0c4c085ecc2f538aa341eacbf798492,194.0,170.0,0.0,3.6424896731661267,10614.0,1994,2022,2026,US,bad
www.arabgmaes.com/it/,nl,www.gademannvervoer.nl,nl,wp-content/upgrade/index.htm,51.0,28.0,0.0,3.447401504705915,7698.0,2002,2023,,,bad
ptcsitegptc.blogspot.com/p/paypal.html,com,www.doutdex.com,com,blog/wp-content/plugins/adsense-integrator/newupdates/BtoChannelDriver.ssobtodse_operationName=LOGON.htm,120.0,104.0,0.0,3.1898980954642866,495.0,2022,2023,2024,US,bad
antares63.ru/templates/beez/http/www.paypal.com/uk/cgi-bin/webscr.php?cmd=_login-run&amp;dispatch=5885d80a13c0db1f8e263663d3faee8db2b24f7b84f1819390b7e2d9283d70f1,tk,www.habbocoinfree.tk,tk,,21.0,0.0,0.0,3.6841837197791887,,,,,,bad
www.d1159127.domain.com/PayPal/webscr.php?cmd=_login-run&dispatch=5885d80a13c0db1f1ff80d546411d7f8a8350c132bc41e0934cfc023d4e8f9e5f0c4c085ecc2f538aa341eacbf798492f0c4c085ecc2f538aa341eacbf798492,com,creditsgrtuit.yolasite.com,com,,27.0,0.0,0.0,3.7483286603655737,,,,,,bad
www.gademannvervoer.nl/wp-content/upgrade/index.htm,com,www.d1159127.domain.com,com,us/webscr.php?cmd=_login-run&dispatch=5885d80a13c0db1f1ff80d546411d7f8a8350c132bc41e0934cfc023d4e8f9e5705a29364aad89de37c405dee0877b69705a29364aad89de37c405dee0877b69,190.0,166.0,0.0,3.6424896731661267,10614.0,1994,2022,2026,US,bad
www.doutdex.com/blog/wp-content/plugins/adsense-integrator/newupdates/BtoChannelDriver.ssobtodse_operationName=LOGON.htm,com,www.clausiusmw.com,com,tmp/Cielo2011/cadastro.php,45.0,26.0,0.0,3.169925001442312,7129.0,2004,2023,2024,MW,bad
www.habbocoinfree.tk/,com,www.clausiusmw.com,com,tmp/Cielo2011/,33.0,14.0,0.0,3.169925001442312,7129.0,2004,2023,2024,MW,bad
creditsgrtuit.yolasite.com/,np,paypal.com.cgi.bin.webscr.cmd.login.submit.dispatch.58d3fa4085d13c0db1f8e263663.lnkhanal.com.np,np,PayPal.en/,106.0,10.0,0.0,4.590600019916754,,,,,,bad
www.d1159127.domain.com/us/webscr.php?cmd=_login-run&dispatch=5885d80a13c0db1f1ff80d546411d7f8a8350c132bc41e0934cfc023d4e8f9e5705a29364aad89de37c405dee0877b69705a29364aad89de37c405dee0877b69,ru,self-art.ru,ru,wp-content/upgrade/www.aol.com/www.aol.com/www.aol.com/system/update/secured/billing/center/information/pin/login/,126.0,114.0,0.0,3.277613436819116,,,,,,bad
www.clausiusmw.com/tmp/Cielo2011/cadastro.php,za,www.financialtraining.co.za,za,wp-content/link.php,47.0,19.0,0.0,3.4397106501513606,,,,,,bad
www.clausiusmw.com/tmp/Cielo2011/,nl,habbogeeftwegg.simpsite.nl,nl,,27.0,0.0,0.0,3.8252517372886508,4982.0,2009,2023,,,bad
paypal.com.cgi.bin.webscr.cmd.login.submit.dispatch.58d3fa4085d13c0db1f8e263663.lnkhanal.com.np/PayPal.en/,com,habbohotel2012moedas.blogspot.com,com,,34.0,0.0,0.0,3.884858891889047,,,,,,bad
self-art.ru/wp-content/upgrade/www.aol.com/www.aol.com/www.aol.com/system/update/secured/billing/center/information/pin/login/,com,moedas-habbo-hotel-sulake.blogspot.com,com,,39.0,0.0,0.0,3.878477512988118,,,,,,bad
www.financialtraining.co.za/wp-content/link.php,com,epilation-infos.com,com,confirm-paypal/us/,38.0,18.0,0.0,3.642149881636903,386.0,2022,2023,2024,CN,bad
habbogeeftwegg.simpsite.nl/,com,www.arkmicro.com,com,upimg/ala/paypal/pp/,37.0,20.0,0.0,3.077819531114783,8734.0,1999,2023,2024,CN,bad
habbohotel2012moedas.blogspot.com/,com,www.centralmoedas.blogspot.com,com,,31.0,0.0,0.0,3.856564762130954,,,,,,bad
moedas-habbo-hotel-sulake.blogspot.com/,com,matchpointblr.com,com,logs/identification.007.php,45.0,27.0,0.0,3.6168746059562227,,,,,,bad
epilation-infos.com/confirm-paypal/us/,com,lost-monkey-habbo.blogspot.com,com,,31.0,0.0,0.0,3.831401845392172,,,,,,bad
www.arkmicro.com/upimg/ala/paypal/pp/,ms,www.habbo-beta2.net.ms,ms,,23.0,0.0,0.0,3.538310595615006,,,,,,bad
www.centralmoedas.blogspot.com/,tk,www.showdecambioshabbo.tk,tk,,26.0,0.0,0.0,3.6234651896016463,,,,,,bad
matchpointblr.com/logs/identification.007.php,la,futur-hotel.c.la,la,,17.0,0.0,0.0,3.5,,,,,,bad
lost-monkey-habbo.blogspot.com/,au,playmaze.com.au,au,flash/index.asp.php,35.0,19.0,0.0,3.3232314287976203,,,2023,,,bad
www.habbo-beta2.net.ms/,vn,www.websitedoanhnghiep.vn,vn,intl/update/,38.0,12.0,0.0,3.7034651896016464,19561.0,1970,2001,,,bad
www.showdecambioshabbo.tk/,com,h4bb0m03d4sgr4t1s.blogspot.com,com,,31.0,0.0,0.0,3.9395722619867226,,,,,,bad
futur-hotel.c.la/,ch,gol.nng.ch,ch,,11.0,0.0,0.0,2.721928094887362,7338.0,2003,,,,bad
playmaze.com.au/flash/index.asp.php,com,pixel.rel7.com,com,,15.0,0.0,0.0,3.3787834934861767,1725.0,2018,2022,2023,US,bad
www.websitedoanhnghiep.vn/intl/update/,com,amcd25brill.blogspot.com,com,,25.0,0.0,0.0,3.855388542207534,,,,,,bad
h4bb0m03d4sgr4t1s.blogspot.com/,com,tostem.rel7.com,com,,16.0,0.0,0.0,3.2402239289418513,1725.0,2018,2022,2023,US,bad
gol.nng.ch/,com,claroretribuihabbo.rel7.com,com,,28.0,0.0,0.0,3.661932872373583,1725.0,2018,2022,2023,US,bad
pixel.rel7.com/,com,habbosemracismo.rel7.com,com,,25.0,0.0,0.0,3.605388542207534,1725.0,2018,2022,2023,US,bad
amcd25brill.blogspot.com/,com,petvacahabbo.rel7.com,com,,22.0,0.0,0.0,3.689703732199547,1725.0,2018,2022,2023,US,bad
tostem.rel7.com/,com,habboemblemasdosonhos.rel7.com,com,,31.0,0.0,0.0,3.619250912838829,1725.0,2018,2022,2023,US,bad
claroretribuihabbo.rel7.com/,com,bugshabbhotel.rel7.com,com,,23.0,0.0,0.0,3.7887549139935026,1725.0,2018,2022,2023,US,bad
habbosemracismo.rel7.com/,com,habbonoticia466.rel7.com,com,,25.0,0.0,0.0,3.8868421881310122,1725.0,2018,2022,2023,US,bad
petvacahabbo.rel7.com/,com,modoretro.rel7.com,com,,19.0,0.0,0.0,3.1279868068776753,1725.0,2018,2022,2023,US,bad
habboemblemasdosonhos.rel7.com/,com,habbo60moedasgratis.rel7.com,com,,29.0,0.0,0.0,4.039148671903071,1725.0,2018,2022,2023,US,bad
bugshabbhotel.rel7.com/,com,totemgratisnohabbo.rel7.com,com,,28.0,0.0,0.0,3.8380398168981564,1725.0,2018,2022,2023,US,bad
habbonoticia466.rel7.com/,com,habbonoticias07.rel7.com,com,,25.0,0.0,0.0,3.8868421881310122,1725.0,2018,2022,2023,US,bad
modoretro.rel7.com/,com,rarosdohabbo.rel7.com,com,,22.0,0.0,0.0,3.4992275417233567,1725.0,2018,2022,2023,US,bad
habbo60moedasgratis.rel7.com/,com,habbonoticia36.rel7.com,com,,24.0,0.0,0.0,3.8820451081368628,1725.0,2018,2022,2023,US,bad
totemgratisnohabbo.rel7.com/,net,www.geraweb.net,net,olivexx/,24.0,8.0,0.0,2.9232314287976204,690.0,2021,2022,2023,US,bad
habbonoticias07.rel7.com/,com,bugsdohaboo.rel7.com,com,,21.0,0.0,0.0,3.721928094887362,1725.0,2018,2022,2023,US,bad
rarosdohabbo.rel7.com/,com,habbosaindoestilo.rel7.com,com,,27.0,0.0,0.0,3.854285871987246,1725.0,2018,2022,2023,US,bad
habbonoticia36.rel7.com/,com,habbooneews.rel7.com,com,,21.0,0.0,0.0,3.6464393446710153,1725.0,2018,2022,2023,US,bad
www.geraweb.net/olivexx/,com,habbo3don.rel7.com,com,,19.0,0.0,0.0,3.6835423624332306,1725.0,2018,2022,2023,US,bad
bugsdohaboo.rel7.com/,com,macacolostmoneyhabbo.rel7.com,com,,30.0,0.0,0.0,3.6899015819921512,1725.0,2018,2022,2023,US,bad
habbosaindoestilo.rel7.com/,com,habbonoticias4955.rel7.com,com,,27.0,0.0,0.0,4.056020968057881,1725.0,2018,2022,2023,US,bad
habbooneews.rel7.com/,com,habbonoticias155.rel7.com,com,,26.0,0.0,0.0,3.9736606896881845,1725.0,2018,2022,2023,US,bad
habbo3don.rel7.com/,com,habboclube.rel7.com,com,,20.0,0.0,0.0,3.4713544870139286,1725.0,2018,2022,2023,US,bad
macacolostmoneyhabbo.rel7.com/,com,habbodragaodefogo.rel7.com,com,,27.0,0.0,0.0,3.6094963344256965,1725.0,2018,2022,2023,US,bad
habbonoticias4955.rel7.com/,com,habboemblem.rel7.com,com,,21.0,0.0,0.0,3.3086949695628416,1725.0,2018,2022,2023,US,bad
habbonoticias155.rel7.com/,com,habboptemblemas.rel7.com,com,,25.0,0.0,0.0,3.6572682296173897,1725.0,2018,2022,2023,US,bad
habboclube.rel7.com/,com,www.habbo50cpordia.blogspot.com,com,,32.0,0.0,0.0,3.9259929884214806,,,,,,bad
habbodragaodefogo.rel7.com/,com,moedashabo.rel7.com,com,,20.0,0.0,0.0,3.576617644908665,1725.0,2018,2022,2023,US,bad
habboemblem.rel7.com/,com,habboracismo00.rel7.com,com,,24.0,0.0,0.0,3.708132064658602,1725.0,2018,2022,2023,US,bad
habboptemblemas.rel7.com/,com,habboracismo0.rel7.com,com,,23.0,0.0,0.0,3.697845823084412,1725.0,2018,2022,2023,US,bad
www.habbo50cpordia.blogspot.com/,com,habbomodo.rel7.com,com,,19.0,0.0,0.0,3.3921472236645345,1725.0,2018,2022,2023,US,bad
moedashabo.rel7.com/,com,vps156.networknoc.com,com,,21.0,0.0,0.0,3.8801799226757376,6945.0,2004,2015,2025,MY,bad
habboracismo00.rel7.com/,org,www.helpactually.org,org,secure/secure.html,39.0,18.0,0.0,3.6464393446710153,5375.0,2008,2022,2023,HK,bad
habboracismo0.rel7.com/,com,dipacefotos.com,com,paypalreward.survey/index.html,46.0,30.0,0.0,3.4565647621309536,6939.0,2004,2023,2024,CA,bad
habbomodo.rel7.com/,com,macacoshabbo.rel7.com,com,,22.0,0.0,0.0,3.4273334938982645,1725.0,2018,2022,2023,US,bad
vps156.networknoc.com,com,habboi3d.rel7.com,com,,18.0,0.0,0.0,3.734521664779752,1725.0,2018,2022,2023,US,bad
www.helpactually.org/secure/secure.html,com,sonhohabbo.rel7.com,com,,20.0,0.0,0.0,3.5110854081804264,1725.0,2018,2022,2023,US,bad
dipacefotos.com/paypalreward.survey/index.html,com,habborareson.rel7.com,com,,22.0,0.0,0.0,3.5585186130489053,1725.0,2018,2022,2023,US,bad
macacoshabbo.rel7.com/,com,habbogerador.rel7.com,com,,22.0,0.0,0.0,3.5585186130489057,1725.0,2018,2022,2023,US,bad
habboi3d.rel7.com/,com,bugsdohabbohotel.rel7.com,com,,26.0,0.0,0.0,3.813660689688185,1725.0,2018,2022,2023,US,bad
sonhohabbo.rel7.com/,com,r7habbohotel.rel7.com,com,,22.0,0.0,0.0,3.4992275417233567,1725.0,2018,2022,2023,US,bad
habborareson.rel7.com/,com,habbototemraro.rel7.com,com,,24.0,0.0,0.0,3.4472624994412104,1725.0,2018,2022,2023,US,bad
habbogerador.rel7.com/,com,habbohabboween.rel7.com,com,,24.0,0.0,0.0,3.501397825434103,1725.0,2018,2022,2023,US,bad
bugsdohabbohotel.rel7.com/,com,habboticias.rel7.com,com,,21.0,0.0,0.0,3.721928094887362,1725.0,2018,2022,2023,US,bad
r7habbohotel.rel7.com/,com,habbooem3d.rel7.com,com,,20.0,0.0,0.0,3.576617644908665,1725.0,2018,2022,2023,US,bad
habbototemraro.rel7.com/,com,moedashabbo.rel7.com,com,,21.0,0.0,0.0,3.5841837197791886,1725.0,2018,2022,2023,US,bad
habbohabboween.rel7.com/,com,habboptnoticias.rel7.com,com,,25.0,0.0,0.0,3.8868421881310122,1725.0,2018,2022,2023,US,bad
habboticias.rel7.com/,com,habbonoticiaslostmonkey.rel7.com,com,,33.0,0.0,0.0,3.9496987351738495,1725.0,2018,2022,2023,US,bad
habbooem3d.rel7.com/,com,habbonoticias32.rel7.com,com,,25.0,0.0,0.0,3.9701755214643457,1725.0,2018,2022,2023,US,bad
moedashabbo.rel7.com/,com,noticehabbo.rel7.com,com,,21.0,0.0,0.0,3.6841837197791887,1725.0,2018,2022,2023,US,bad
habboptnoticias.rel7.com/,com,habbosulakemoedas2010.blogspot.com,com,,35.0,0.0,0.0,4.0323362829877745,,,,,,bad
habbonoticiaslostmonkey.rel7.com/,com,habonews.rel7.com,com,,18.0,0.0,0.0,3.734521664779752,1725.0,2018,2022,2023,US,bad
habbonoticias32.rel7.com/,com,habbk.rel7.com,com,,15.0,0.0,0.0,3.521640636343319,1725.0,2018,2022,2023,US,bad
noticehabbo.rel7.com/,com,novaversaohabbo.rel7.com,com,,25.0,0.0,0.0,3.636842188131012,1725.0,2018,2022,2023,US,bad
habbosulakemoedas2010.blogspot.com/,com,habbobrtotemgratis.rel7.com,com,,28.0,0.0,0.0,3.7541634277688813,1725.0,2018,2022,2023,US,bad
habonews.rel7.com/,com,ugsdehabbo.rel7.com,com,,20.0,0.0,0.0,3.826874881864637,1725.0,2018,2022,2023,US,bad
habbk.rel7.com/,com,25moedashabbo.rel7.com,com,,23.0,0.0,0.0,3.788754913993502,1725.0,2018,2022,2023,US,bad
novaversaohabbo.rel7.com/,com,habbogeradordemoedas2011.rel7.com,com,,34.0,0.0,0.0,3.8848588918890474,1725.0,2018,2022,2023,US,bad
habbobrtotemgratis.rel7.com/,com,habbo-gerador-de-moedas-2011.blogspot.com,com,,42.0,0.0,0.0,4.0275684677161125,,,,,,bad
ugsdehabbo.rel7.com/,com,habboeprepag.rel7.com,com,,22.0,0.0,0.0,3.5944656369614516,1725.0,2018,2022,2023,US,bad
25moedashabbo.rel7.com/,com,habboem3d.rel7.com,com,,19.0,0.0,0.0,3.6143694458867563,1725.0,2018,2022,2023,US,bad
habbogeradordemoedas2011.rel7.com/,com,habbocavalos.rel7.com,com,,22.0,0.0,0.0,3.5585186130489053,1725.0,2018,2022,2023,US,bad
habbo-gerador-de-moedas-2011.blogspot.com/,com,noticiahabbomoedasgratis.rel7.com,com,,34.0,0.0,0.0,3.930609649595924,1725.0,2018,2022,2023,US,bad
habboeprepag.rel7.com/,com,habbonoticias486.rel7.com,com,,26.0,0.0,0.0,4.053660689688185,1725.0,2018,2022,2023,US,bad
habboem3d.rel7.com/,com,habboj3d.rel7.com,com,,18.0,0.0,0.0,3.734521664779752,1725.0,2018,2022,2023,US,bad
habbocavalos.rel7.com/,com,habbogroups1.rel7.com,com,,22.0,0.0,0.0,3.880179922675737,1725.0,2018,2022,2023,US,bad
noticiahabbomoedasgratis.rel7.com/,com,habbobrasil.rel7.com,com,,21.0,0.0,0.0,3.5841837197791886,1725.0,2018,2022,2023,US,bad
habbonoticias486.rel7.com/,com,vezdohabbo.rel7.com,com,,20.0,0.0,0.0,3.6818808028034016,1725.0,2018,2022,2023,US,bad
habboj3d.rel7.com/,net,www.geraweb.net,net,moedasgraaaatis,31.0,15.0,0.0,2.9232314287976204,690.0,2021,2022,2023,US,bad
habbogroups1.rel7.com/,net,www.geraweb.net,net,moedasgraaaatis/,32.0,16.0,0.0,2.9232314287976204,690.0,2021,2022,2023,US,bad
habbobrasil.rel7.com/,com,ultimasnoticiashabbo.rel7.com,com,,30.0,0.0,0.0,3.8833374604210062,1725.0,2018,2022,2023,US,bad
vezdohabbo.rel7.com/,com,15habbomoeda.rel7.com,com,,22.0,0.0,0.0,3.689703732199547,1725.0,2018,2022,2023,US,bad
www.geraweb.net/moedasgraaaatis,com,habbosulakemoedas2011.blogspot.com,com,,35.0,0.0,0.0,4.0323362829877745,,,,,,bad
www.geraweb.net/moedasgraaaatis/,net,www.geraweb.net,net,oliiivva/,25.0,9.0,0.0,2.9232314287976204,690.0,2021,2022,2023,US,bad
ultimasnoticiashabbo.rel7.com/,com,habbo50cpordia.rel7.com,com,,24.0,0.0,0.0,3.8820451081368628,1725.0,2018,2022,2023,US,bad
15habbomoeda.rel7.com/,com,habbopixels.rel7.com,com,,21.0,0.0,0.0,3.8219280948873617,1725.0,2018,2022,2023,US,bad
habbosulakemoedas2011.blogspot.com/,com,habbopixels11.blogspot.com,com,,27.0,0.0,0.0,3.825251737288651,,,,,,bad
www.geraweb.net/oliiivva/,com,msmmat.com,com,paypal/,18.0,7.0,0.0,2.5219280948873624,,,,,,bad
habbo50cpordia.rel7.com/,de,www.cuypers-apotheken.de,de,templates/ja_purity/new.php,52.0,27.0,0.0,3.8868421881310122,,,2019,,,bad
habbopixels.rel7.com/,com,moedashabbosoaki.rel7.com,com,,26.0,0.0,0.0,3.7336606896881848,1725.0,2018,2022,2023,US,bad
habbopixels11.blogspot.com/,com,habbonoticiasx.rel7.com,com,,24.0,0.0,0.0,3.8820451081368628,1725.0,2018,2022,2023,US,bad
msmmat.com/paypal/,com,10000moedas.rel7.com,com,,21.0,0.0,0.0,3.5219280948873624,1725.0,2018,2022,2023,US,bad
www.cuypers-apotheken.de/templates/ja_purity/new.php,com,noticiahabbo41.rel7.com,com,,24.0,0.0,0.0,3.8820451081368628,1725.0,2018,2022,2023,US,bad
moedashabbosoaki.rel7.com/,com,monkeyhabbo.rel7.com,com,,21.0,0.0,0.0,3.6841837197791887,1725.0,2018,2022,2023,US,bad
habbonoticiasx.rel7.com/,com,habbo47.rel7.com,com,,17.0,0.0,0.0,3.5,1725.0,2018,2022,2023,US,bad
10000moedas.rel7.com/,com,habborarosb.rel7.com,com,,21.0,0.0,0.0,3.4086949695628417,1725.0,2018,2022,2023,US,bad
noticiahabbo41.rel7.com/,com,habbo58.rel7.com,com,,17.0,0.0,0.0,3.625,1725.0,2018,2022,2023,US,bad
monkeyhabbo.rel7.com/,com,acessohabbo.rel7.com,com,,20.0,0.0,0.0,3.4841837197791885,1725.0,2018,2022,2023,US,bad
habbo47.rel7.com/,com,lostmonkeyhabbomacaco.rel7.com,com,,31.0,0.0,0.0,3.7777471629109445,1725.0,2018,2022,2023,US,bad
habborarosb.rel7.com/,com,codigos.rel7.com,com,,17.0,0.0,0.0,3.452819531114783,1725.0,2018,2022,2023,US,bad
habbo58.rel7.com/,com,acessohabbomoedas.blogspot.com,com,,31.0,0.0,0.0,3.5395722619867227,,,,,,bad
acessohabbo.rel7.com,com,promocaopetcavalo.rel7.com,com,,27.0,0.0,0.0,3.426616045880948,1725.0,2018,2022,2023,US,bad
lostmonkeyhabbomacaco.rel7.com/,br,www.ganhe15moedasnoticiahabbosss.xpg.com.br,br,,44.0,0.0,0.0,4.135339754601471,8174.0,2001,2022,2024,,bad
codigos.rel7.com/,com,habbodesenvolve.rel7.com,com,,25.0,0.0,0.0,3.7201755214643453,1725.0,2018,2022,2023,US,bad
acessohabbomoedas.blogspot.com/,com,radiocheat.blogspot.com,com,,24.0,0.0,0.0,3.8279097821439705,,,,,,bad
promocaopetcavalo.rel7.com/,com,pethabbo.rel7.com,com,,18.0,0.0,0.0,3.6168746059562227,1725.0,2018,2022,2023,US,bad
www.ganhe15moedasnoticiahabbosss.xpg.com.br/,com,habbo3dmaguinifico.rel7.com,com,,28.0,0.0,0.0,4.032303242743954,1725.0,2018,2022,2023,US,bad
habbodesenvolve.rel7.com/,com,love-sexy-4u.blogspot.com,com,,26.0,0.0,0.0,3.9238561897747233,,,,,,bad
radiocheat.blogspot.com/,com,amd25prox.blogspot.com,com,,23.0,0.0,0.0,3.8230679822736597,,,,,,bad
pethabbo.rel7.com/,com,mffad44paqkz.blogspot.com,com,,26.0,0.0,0.0,3.9736606896881845,,,,,,bad
habbo3dmaguinifico.rel7.com/,com,bond25thebest.blogspot.com,com,,27.0,0.0,0.0,3.796217602590056,,,,,,bad
love-sexy-4u.blogspot.com/,to,beam.to,to,67009803,16.0,8.0,0.0,2.807354922057604,,,,,,bad
amd25prox.blogspot.com/,ru,www.hte.ru,ru,/joomla/joomla2/tmp/update.php,41.0,30.0,0.0,2.6464393446710153,6971.0,2004,,2024,,bad
mffad44paqkz.blogspot.com/,cn,www.denlase.cn,cn,article/ATUALIZAR.asp,36.0,21.0,0.0,3.039148671903072,5219.0,2009,,2024,,bad
bond25thebest.blogspot.com/,com,fkdjf01mcd4a0x.blogspot.com,com,,28.0,0.0,0.0,4.134336113194452,,,,,,bad
beam.to/67009803,info,www.eec-global.info,info,voice/login/en/index.html,45.0,25.0,0.0,3.576617644908665,,,,,,bad
www.hte.ru//joomla/joomla2/tmp/update.php,au,bermaguirealty.com.au,au,images/img/?www.hmrc.gov.uk.online.secure.logon.register.existing.login.jsp/refundportal.htm,114.0,92.0,0.0,3.6897037321995465,,,,,,bad
www.denlase.cn/article/ATUALIZAR.asp,co,t.co,co,A23jXq4T,13.0,8.0,0.0,2.0,4836.0,2010,2023,2024,US,bad
fkdjf01mcd4a0x.blogspot.com/,com,dj2jd0cosq2pclxd.blogspot.com,com,,30.0,0.0,0.0,3.840402546702506,,,,,,bad
www.eec-global.info/voice/login/en/index.html,com,xx-sdx.blogspot.com,com,,20.0,0.0,0.0,3.5368867237421666,,,,,,bad
bermaguirealty.com.au/images/img/?www.hmrc.gov.uk.online.secure.logon.register.existing.login.jsp/refundportal.htm,com,ashoplist.com,com,koala/pmkoala/pictureimg/244.htm,46.0,32.0,0.0,3.3927474104487847,5506.0,2008,2023,2024,US,bad
t.co/A23jXq4T,it,passo1.it,it,RequestRouter.php,27.0,17.0,0.0,2.94770277922009,6009.0,2007,2023,2024,IT,bad
dj2jd0cosq2pclxd.blogspot.com/,br,barbacenanoticias.com.br,br,noticias/fotos/cargando,48.0,23.0,0.0,3.438721875540867,52.0,2023,2023,2025,,bad
xx-sdx.blogspot.com/,cl,www.ingelam.cl,cl,admin/ingelams.php,33.0,18.0,0.0,3.182005814760214,8465.0,2000,,2026,,bad
ashoplist.com/koala/pmkoala/pictureimg/244.htm,us,tnij.us,us,pp,10.0,2.0,0.0,2.807354922057604,705.0,2021,2023,2024,US,bad
passo1.it/RequestRouter.php,com,amigos-by-orkut36.blogspot.com,com,,31.0,0.0,0.0,4.053235913127291,,,,,,bad
barbacenanoticias.com.br/noticias/fotos/cargando,com,amigos-by-orkut15.blogspot.com,com,,31.0,0.0,0.0,4.053235913127291,,,,,,bad
www.ingelam.cl/admin/ingelams.php,com,chatwith-hotgirls.blogspot.com,com,,31.0,0.0,0.0,3.8150610122030697,,,,,,bad
tnij.us/pp,com,mrbk46qplcgzbkw.blogspot.com,com,,29.0,0.0,0.0,3.9677201004744997,,,,,,bad
amigos-by-orkut36.blogspot.com/,com,cmfcos19xm1c.blogspot.com,com,,26.0,0.0,0.0,3.5736606896881846,,,,,,bad
amigos-by-orkut15.blogspot.com/,com,www.3dorky.blogspot.com,com,,24.0,0.0,0.0,3.7622673906514947,,,,,,bad
chatwith-hotgirls.blogspot.com/,net,qr.net,net,fpp0,11.0,4.0,0.0,2.584962500721156,9035.0,1998,2022,2024,DE,bad
mrbk46qplcgzbkw.blogspot.com/,com,amaziingvidz.blogspot.com,com,,26.0,0.0,0.0,3.863465189601646,,,,,,bad
cmfcos19xm1c.blogspot.com/,org,www.enrichmentworks.org,org,images/12.jpg,37.0,13.0,0.0,3.621175542919471,8048.0,2001,2023,2024,US,bad
www.3dorky.blogspot.com/,com,invkguests.blogspot.com,com,,24.0,0.0,0.0,3.849223912390625,,,,,,bad
qr.net/fpp0,com,produit4you.com,com,,16.0,0.0,0.0,3.456564762130953,,,,,,bad
amaziingvidz.blogspot.com/,com,www.santandernet16.com,com,,23.0,0.0,0.0,3.6635327548042538,,,,,,bad
www.enrichmentworks.org/images/12.jpg,com,bancodobrasilbr.rel7.com,com,,25.0,0.0,0.0,3.6572682296173897,1725.0,2018,2022,2023,US,bad
invkguests.blogspot.com/,br,www.habbo.com.br,br,home/s2-Jessyk-s2,34.0,17.0,0.0,2.98345859334435,6577.0,2005,2023,2024,,bad
produit4you.com/,com,www.everyoneweb.com,com,zamzam12345/,32.0,12.0,0.0,3.195295934496216,6915.0,2004,2023,2023,NL,bad
www.santandernet16.com/,com,xwq56xplaw.blogspot.com,com,,24.0,0.0,0.0,3.8820451081368628,,,,,,bad
bancodobrasilbr.rel7.com/,com,mrbkpcmad1.blogspot.com,com,,24.0,0.0,0.0,3.7622673906514943,,,,,,bad
www.habbo.com.br/home/s2-Jessyk-s2,com,xz58plamx.blogspot.com,com,,23.0,0.0,0.0,3.7887549139935026,,,,,,bad
www.everyoneweb.com/zamzam12345/,com,mrbk10mcvpsw.blogspot.com,com,,26.0,0.0,0.0,3.8634651896016465,,,,,,bad
xwq56xplaw.blogspot.com/,com,xs48mqpz.blogspot.com,com,,22.0,0.0,0.0,3.784941827437642,,,,,,bad
mrbkpcmad1.blogspot.com/,com,asdsfergftr.blogspot.com,com,,25.0,0.0,0.0,3.7720552088742005,,,,,,bad
xz58plamx.blogspot.com/,com,mrbk4cmvkd.blogspot.com,com,,24.0,0.0,0.0,3.7622673906514943,,,,,,bad
mrbk10mcvpsw.blogspot.com/,com,xs78xcdza.blogspot.com,com,,23.0,0.0,0.0,3.879664004902593,,,,,,bad
xs48mqpz.blogspot.com/,com,mrbk13vvksfaw.blogspot.com,com,,27.0,0.0,0.0,4.056020968057881,,,,,,bad
asdsfergftr.blogspot.com/,fr,www.baobab-home.fr,fr,E12/,23.0,4.0,0.0,3.30827083453526,6159.0,2006,2022,2023,FR,bad
mrbk4cmvkd.blogspot.com/,com,s46mnpz.blogspot.com,com,,21.0,0.0,0.0,3.684183719779189,,,,,,bad
xs78xcdza.blogspot.com/,com,private-cams.blogspot.com,com,,26.0,0.0,0.0,3.8936606896881854,,,,,,bad
mrbk13vvksfaw.blogspot.com/,com,l0ve-s3x-amig0s.blogspot.com,com,,29.0,0.0,0.0,4.039148671903071,,,,,,bad
www.baobab-home.fr/E12/,com,zc64cpalz.blogspot.com,com,,23.0,0.0,0.0,3.6635327548042538,,,,,,bad
s46mnpz.blogspot.com/,com,cx9fgfapd.blogspot.com,com,,23.0,0.0,0.0,3.788754913993502,,,,,,bad
private-cams.blogspot.com/,com,chat-by-orkut12.blogspot.com,com,,29.0,0.0,0.0,4.066108939837481,,,,,,bad
l0ve-s3x-amig0s.blogspot.com/,com,chat-by-orkut11.blogspot.com,com,,29.0,0.0,0.0,3.994680368408909,,,,,,bad
zc64cpalz.blogspot.com/,com,chat-by-orkut9.blogspot.com,com,,28.0,0.0,0.0,3.986187965046305,,,,,,bad
cx9fgfapd.blogspot.com/,com,chat-by-orkut7.blogspot.com,com,,28.0,0.0,0.0,3.986187965046305,,,,,,bad
chat-by-orkut12.blogspot.com/,com,chat-by-orkut6.blogspot.com,com,,28.0,0.0,0.0,3.986187965046305,,,,,,bad
chat-by-orkut11.blogspot.com/,com,chat-by-orkut3.blogspot.com,com,,28.0,0.0,0.0,3.986187965046305,,,,,,bad
chat-by-orkut9.blogspot.com/,com,chat-by-orkut5.blogspot.com,com,,28.0,0.0,0.0,3.986187965046305,,,,,,bad
chat-by-orkut7.blogspot.com/,net,mrunescapem.606h.net,net,,20.0,0.0,0.0,3.6841837197791887,4453.0,2011,2023,2024,US,bad
chat-by-orkut6.blogspot.com/,at,www.egri.at,at,modules/mod_kwickverti_slidingmenu/kwickverti_slidingmenu/js/default.php,84.0,72.0,0.0,2.845350936622437,,,2003,,,bad
chat-by-orkut3.blogspot.com/,com,pl55cfaqm.blogspot.com,com,,23.0,0.0,0.0,3.697845823084412,,,,,,bad
chat-by-orkut5.blogspot.com/,mn,wndr.mn,mn,ms6h,12.0,4.0,0.0,2.5216406363433186,,,,,,bad
mrunescapem.606h.net,la,senta.la,la,7524,13.0,4.0,0.0,2.75,,,,,,bad
www.egri.at/modules/mod_kwickverti_slidingmenu/kwickverti_slidingmenu/js/default.php,org,www.lovyou.org,org,wp-content/gallery/guilai/index.htm,50.0,35.0,0.0,2.9852281360342525,,,,,,bad
pl55cfaqm.blogspot.com/,com,nictaroutcigar.com,com,ggg.php/ggg.php/,35.0,16.0,0.0,3.350209029099897,,,,,,bad
wndr.mn/ms6h,com,hebbo.rel7.com,com,,15.0,0.0,0.0,3.2359263506290334,1725.0,2018,2022,2023,US,bad
senta.la/7524,com,ganhe60moedaspordia.blogspot.com,com,,33.0,0.0,0.0,4.051108500731241,,,,,,bad
www.lovyou.org/wp-content/gallery/guilai/index.htm,com,sexy-loves.blogspot.com,com,,24.0,0.0,0.0,3.708132064658602,,,,,,bad
nictaroutcigar.com/ggg.php/ggg.php/,com,noticiahabbo26.rel7.com,com,,24.0,0.0,0.0,3.8820451081368628,1725.0,2018,2022,2023,US,bad
hebbo.rel7.com/,com,habbobeta3d.rel7.com,com,,21.0,0.0,0.0,3.6841837197791887,1725.0,2018,2022,2023,US,bad
ganhe60moedaspordia.blogspot.com/,tc,mc-karteninhaber.de.tc,tc,?www.mastercard.com/de-eu/privatkunden/start.html,72.0,49.0,0.0,3.6978458230844122,,,,,,bad
sexy-loves.blogspot.com/,com,habbonoticia1.rel7.com,com,,23.0,0.0,0.0,3.7887549139935026,1725.0,2018,2022,2023,US,bad
noticiahabbo26.rel7.com/,com,habbolocos.rel7.com,com,,19.0,0.0,0.0,3.4058222502856896,1725.0,2018,2022,2023,US,bad
habbobeta3d.rel7.com/,com,kc22ksqzp.blogspot.com,com,,23.0,0.0,0.0,3.697845823084412,,,,,,bad
mc-karteninhaber.de.tc/?www.mastercard.com/de-eu/privatkunden/start.html,com,horney-girls-chat.blogspot.com,com,,31.0,0.0,0.0,4.040223928941852,,,,,,bad
habbonoticia1.rel7.com/,com,veryhotgirlsareheregetthem.blogspot.com,com,,40.0,0.0,0.0,3.8233624750506108,,,,,,bad
habbolocos.rel7.com,za,www.kingphotoservices.co.za,za,tmp/install_4e7fba70a7987/ridirekt.php,66.0,38.0,0.0,3.9302703722934544,,,,,,bad
kc22ksqzp.blogspot.com/,ru,moto-boloto.ru,ru,administrator/components/com_checkin/index.html,62.0,47.0,0.0,2.835237745312118,5394.0,2008,,2023,,bad
horney-girls-chat.blogspot.com/,com,vz7cdqaz.blogspot.com,com,,22.0,0.0,0.0,3.880179922675737,,,,,,bad
veryhotgirlsareheregetthem.blogspot.com/,com,freeregisters31.blogspot.com,com,,29.0,0.0,0.0,3.7979026896829464,,,,,,bad
www.kingphotoservices.co.za/tmp/install_4e7fba70a7987/ridirekt.php,com,freeregisters28.blogspot.com,com,,29.0,0.0,0.0,3.7979026896829464,,,,,,bad
moto-boloto.ru/administrator/components/com_checkin/index.html,com,freeregisters25.blogspot.com,com,,29.0,0.0,0.0,3.7979026896829464,,,,,,bad
vz7cdqaz.blogspot.com/,tk,www.rslurebros.tk,tk,,18.0,0.0,0.0,3.292770193936991,,,,,,bad
freeregisters31.blogspot.com/,com,solutionsaudiovideo.com,com,modules/secureservices.maybank2u.com/M2UVerify.html,75.0,51.0,0.0,3.5511911744656968,7226.0,2003,2020,2025,CA,bad
freeregisters28.blogspot.com/,com,chat-real-webcam5.blogspot.com,com,,31.0,0.0,0.0,3.9647351787255047,,,,,,bad
freeregisters25.blogspot.com/,com,chat-real-webcam4.blogspot.com,com,,31.0,0.0,0.0,3.9647351787255047,,,,,,bad
www.rslurebros.tk/,com,chat-real-webcam3.blogspot.com,com,,31.0,0.0,0.0,3.9647351787255047,,,,,,bad
solutionsaudiovideo.com/modules/secureservices.maybank2u.com/M2UVerify.html,com,chat-real-webcam2.blogspot.com,com,,31.0,0.0,0.0,3.9647351787255047,,,,,,bad
chat-real-webcam5.blogspot.com/,com,chat-by-orkut.blogspot.com,com,,27.0,0.0,0.0,3.9021748142117274,,,,,,bad
chat-real-webcam4.blogspot.com/,com,clicktoenjoy18.blogspot.com,com,,28.0,0.0,0.0,3.926571651178275,,,,,,bad
chat-real-webcam3.blogspot.com/,com,clicktoenjoy14.blogspot.com,com,,28.0,0.0,0.0,3.926571651178275,,,,,,bad
chat-real-webcam2.blogspot.com/,com,freeregisters14.blogspot.com,com,,29.0,0.0,0.0,3.7979026896829464,,,,,,bad
chat-by-orkut.blogspot.com/,com,freeregisters16.blogspot.com,com,,29.0,0.0,0.0,3.7979026896829464,,,,,,bad
clicktoenjoy18.blogspot.com/,com,freeregisters18.blogspot.com,com,,29.0,0.0,0.0,3.7979026896829464,,,,,,bad
clicktoenjoy14.blogspot.com/,com,freeregisters19.blogspot.com,com,,29.0,0.0,0.0,3.7979026896829464,,,,,,bad
freeregisters14.blogspot.com/,com,freeregisters24.blogspot.com,com,,29.0,0.0,0.0,3.7979026896829464,,,,,,bad
freeregisters16.blogspot.com/,com,freeregisters23.blogspot.com,com,,29.0,0.0,0.0,3.7979026896829464,,,,,,bad
freeregisters18.blogspot.com/,com,imporcomp.com,com,css/,18.0,4.0,0.0,2.6612262562697895,5872.0,2007,2021,2031,US,bad
freeregisters19.blogspot.com/,com,chat-fun-webcam4.blogspot.com,com,,30.0,0.0,0.0,4.1162646156680225,,,,,,bad
freeregisters24.blogspot.com/,com,chat-fun-webcam.blogspot.com,com,,29.0,0.0,0.0,4.039148671903071,,,,,,bad
freeregisters23.blogspot.com/,com,chat-fun-webcam1.blogspot.com,com,,30.0,0.0,0.0,4.1162646156680225,,,,,,bad
imporcomp.com/css/,com,chat-fun-webcam2.blogspot.com,com,,30.0,0.0,0.0,4.1162646156680225,,,,,,bad
chat-fun-webcam4.blogspot.com/,com,chat-fun-webcam3.blogspot.com,com,,30.0,0.0,0.0,4.1162646156680225,,,,,,bad
chat-fun-webcam.blogspot.com/,com,effectiveaggression.com,com,ZenCart/includes/classes/observers/forms.asp.htm,72.0,48.0,0.0,3.6539967386657093,5591.0,2008,2022,2024,US,bad
chat-fun-webcam1.blogspot.com/,com,freeregisters13.blogspot.com,com,,29.0,0.0,0.0,3.7979026896829464,,,,,,bad
chat-fun-webcam2.blogspot.com/,com,freeregisters9.blogspot.com,com,,28.0,0.0,0.0,3.708048150071232,,,,,,bad
chat-fun-webcam3.blogspot.com/,com,freeregisters10.blogspot.com,com,,29.0,0.0,0.0,3.7979026896829464,,,,,,bad
effectiveaggression.com/ZenCart/includes/classes/observers/forms.asp.htm,com,freeregisters11.blogspot.com,com,,29.0,0.0,0.0,3.7264741182543752,,,,,,bad
freeregisters13.blogspot.com/,com,freeregisters12.blogspot.com,com,,29.0,0.0,0.0,3.7979026896829464,,,,,,bad
freeregisters9.blogspot.com/,com,freeregisters7.blogspot.com,com,,28.0,0.0,0.0,3.708048150071232,,,,,,bad
freeregisters10.blogspot.com/,com,clicktoenjoy12.blogspot.com,com,,28.0,0.0,0.0,3.926571651178275,,,,,,bad
freeregisters11.blogspot.com/,ar,www.maquinaval.org.ar,ar,wp-content/uploads/2009/cgi/https/secure.eveonline.com/login.aspxReturnUrl2fAccountManMenu.aspx3faid3d103543aid193543.html,144.0,122.0,0.0,3.4632805178108104,2771.0,2015,2022,2023,,bad
freeregisters12.blogspot.com/,com,girlfantasyies.blogspot.com,com,,28.0,0.0,0.0,3.958229168669879,,,,,,bad
freeregisters7.blogspot.com/,com,live-webcam-indian1.blogspot.com,com,,33.0,0.0,0.0,4.140319531114783,,,,,,bad
clicktoenjoy12.blogspot.com/,com,fuckyougooglebettichod.blogspot.com,com,,36.0,0.0,0.0,3.8745359609194328,,,,,,bad
www.maquinaval.org.ar/wp-content/uploads/2009/cgi/https/secure.eveonline.com/login.aspxReturnUrl2fAccountManMenu.aspx3faid3d103543aid193543.html,com,chatwith-nudegirl.blogspot.com,com,,31.0,0.0,0.0,4.189898095464287,,,,,,bad
girlfantasyies.blogspot.com/,com,webcam-india-free.blogspot.com,com,,31.0,0.0,0.0,4.123231428797621,,,,,,bad
live-webcam-indian1.blogspot.com/,com,freeregister9.blogspot.com,com,,27.0,0.0,0.0,3.719294525666979,,,,,,bad
fuckyougooglebettichod.blogspot.com/,com,freeregister8.blogspot.com,com,,27.0,0.0,0.0,3.719294525666979,,,,,,bad
chatwith-nudegirl.blogspot.com/,com,freeregister7.blogspot.com,com,,27.0,0.0,0.0,3.719294525666979,,,,,,bad
webcam-india-free.blogspot.com/,com,freeregister2.blogspot.com,com,,27.0,0.0,0.0,3.719294525666979,,,,,,bad
freeregister9.blogspot.com/,com,freeregister1.blogspot.com,com,,27.0,0.0,0.0,3.719294525666979,,,,,,bad
freeregister8.blogspot.com/,com,freeregister3.blogspot.com,com,,27.0,0.0,0.0,3.719294525666979,,,,,,bad
freeregister7.blogspot.com/,com,freeregister4.blogspot.com,com,,27.0,0.0,0.0,3.719294525666979,,,,,,bad
freeregister2.blogspot.com/,com,freeregister5.blogspot.com,com,,27.0,0.0,0.0,3.719294525666979,,,,,,bad
freeregister1.blogspot.com/,com,freeregister6.blogspot.com,com,,27.0,0.0,0.0,3.719294525666979,,,,,,bad
freeregister3.blogspot.com/,com,friends-webcam-4u1.blogspot.com,com,,32.0,0.0,0.0,4.349199939349345,,,,,,bad
freeregister4.blogspot.com/,com,0rkut-s3x-ch4t04.blogspot.com,com,,30.0,0.0,0.0,4.1162646156680225,,,,,,bad
freeregister5.blogspot.com/,com,0rkut-s3x-ch4t03.blogspot.com,com,,30.0,0.0,0.0,4.1162646156680225,,,,,,bad
freeregister6.blogspot.com/,com,0rkut-s3x-ch4t02.blogspot.com,com,,30.0,0.0,0.0,4.1852301329094015,,,,,,bad
friends-webcam-4u1.blogspot.com/,com,0rkut-s3x-ch4t01.blogspot.com,com,,30.0,0.0,0.0,4.1852301329094015,,,,,,bad
0rkut-s3x-ch4t04.blogspot.com/,com,freeregisters6.blogspot.com,com,,28.0,0.0,0.0,3.708048150071232,,,,,,bad
0rkut-s3x-ch4t03.blogspot.com/,com,freeregisters5.blogspot.com,com,,28.0,0.0,0.0,3.708048150071232,,,,,,bad
0rkut-s3x-ch4t02.blogspot.com/,com,freeregisters4.blogspot.com,com,,28.0,0.0,0.0,3.708048150071232,,,,,,bad
0rkut-s3x-ch4t01.blogspot.com/,com,clicktoenjoy10.blogspot.com,com,,28.0,0.0,0.0,3.926571651178275,,,,,,bad
freeregisters6.blogspot.com/,com,clicktoenjoy11.blogspot.com,com,,28.0,0.0,0.0,3.8524975771042005,,,,,,bad
freeregisters5.blogspot.com/,com,clicktoenjoy3.blogspot.com,com,,27.0,0.0,0.0,3.840265565194927,,,,,,bad
freeregisters4.blogspot.com/,com,clicktoenjoy4.blogspot.com,com,,27.0,0.0,0.0,3.840265565194927,,,,,,bad
clicktoenjoy10.blogspot.com/,com,clicktoenjoy7.blogspot.com,com,,27.0,0.0,0.0,3.840265565194927,,,,,,bad
clicktoenjoy11.blogspot.com/,com,beautiful-webcam.blogspot.com,com,,30.0,0.0,0.0,3.978333581185264,,,,,,bad
clicktoenjoy3.blogspot.com/,com,clicktoenjoy6.blogspot.com,com,,27.0,0.0,0.0,3.840265565194927,,,,,,bad
clicktoenjoy4.blogspot.com/,com,clicktoenjoy5.blogspot.com,com,,27.0,0.0,0.0,3.840265565194927,,,,,,bad
clicktoenjoy7.blogspot.com/,com,clicktoenjoy8.blogspot.com,com,,27.0,0.0,0.0,3.840265565194927,,,,,,bad
beautiful-webcam.blogspot.com/,com,clicktoenjoy9.blogspot.com,com,,27.0,0.0,0.0,3.840265565194927,,,,,,bad
clicktoenjoy6.blogspot.com/,com,live-webcam-indian3.blogspot.com,com,,33.0,0.0,0.0,4.140319531114783,,,,,,bad
clicktoenjoy5.blogspot.com/,net,id-fete.net,net,avatars_ignored/,28.0,16.0,0.0,2.8453509366224368,,,,,,bad
clicktoenjoy8.blogspot.com/,net,id-fete.net,net,avatars_ignored,27.0,15.0,0.0,2.8453509366224368,,,,,,bad
clicktoenjoy9.blogspot.com/,com,www.pecadosdeamigos.com,com,?noad=1,31.0,7.0,0.0,3.501397825434103,,,,,,bad
live-webcam-indian3.blogspot.com/,ro,imm-muntenia.ro,ro,images/stories/www.ratemyprofessors.com/,56.0,40.0,0.0,3.32323142879762,,,,,,bad
id-fete.net/avatars_ignored/,ro,imm-muntenia.ro,ro,images/stories/www.ratemyprofessors.com,55.0,39.0,0.0,3.32323142879762,,,,,,bad
id-fete.net/avatars_ignored,br,www.buffetcarvalhoesilva.com.br,br,modules/mod_newsflash/tmpl/s4/cliente.html,74.0,42.0,0.0,3.9779168746936358,,,,,,bad
www.pecadosdeamigos.com/?noad=1,com,effectiveaggression.com,com,ZenCart/images/medium/dvd/index.html,60.0,36.0,0.0,3.6539967386657093,5591.0,2008,2022,2024,US,bad
imm-muntenia.ro/images/stories/www.ratemyprofessors.com/,hu,throal.earthdawn.co.hu,hu,e107_files/cache/x.php,45.0,22.0,0.0,3.538310595615005,6158.0,2006,,,,bad
imm-muntenia.ro/images/stories/www.ratemyprofessors.com,in,landnshop.in,in,century/hpage/http/paypal.com/fr/hsdhgdsjhhgdagsayd78thsdhgdsjhhgdagsayd78ts8tdt8isgdiysdyusadgygsadygagdyugydgausydysadtysat8789/Pay_FR.php,153.0,140.0,0.0,3.188721875540867,,,,,,bad
www.buffetcarvalhoesilva.com.br/modules/mod_newsflash/tmpl/s4/cliente.html,com,cheatmoedas.blogspot.com,com,,25.0,0.0,0.0,3.66829583405449,,,,,,bad
effectiveaggression.com/ZenCart/images/medium/dvd/index.html,tl,tuscreditosgratisporsiempreen5minutos.es.tl,tl,,44.0,0.0,0.0,3.810359092949446,6008.0,2007,2023,2024,DE,bad
throal.earthdawn.co.hu/e107_files/cache/x.php,tk,runescape-merchanting-clanchat-1203123891237891273.tk,tk,,54.0,0.0,0.0,4.36443625632753,,,,,,bad
landnshop.in/century/hpage/http/paypal.com/fr/hsdhgdsjhhgdagsayd78thsdhgdsjhhgdagsayd78ts8tdt8isgdiysdyusadgygsadygagdyugydgausydysadtysat8789/Pay_FR.php,tk,services-runescapc-forums-13-683-388-14.tk,tk,,43.0,0.0,0.0,4.171264743846755,,,,,,bad
cheatmoedas.blogspot.com/,br,www.buffetcarvalhoesilva.com.br,br,modules/mod_search/tmpl/05/cliente.html,71.0,39.0,0.0,3.9779168746936358,,,,,,bad
tuscreditosgratisporsiempreen5minutos.es.tl/,com,mdva18czp.blogspot.com,com,,23.0,0.0,0.0,3.8796640049025934,,,,,,bad
"'services-runescape-secure-forumslogin.tk/m=forum/forums.ws17,18,810,63120405'",com,live-webcam-4u1.blogspot.com,com,,29.0,0.0,0.0,4.137537511266052,,,,,,bad
runescape-merchanting-clanchat-1203123891237891273.tk/,com,cms14ppzs.blogspot.com,com,,23.0,0.0,0.0,3.5383105956150054,,,,,,bad
"'www.runescape-services-174894.tk/m=forum/forums.ws?98,99,69,6084532'",com,webcam-chatting.blogspot.com,com,,29.0,0.0,0.0,3.9407598325400897,,,,,,bad
"'services-runescape-secure-forumsweblogin.tk/m=forum/forums.ws17,18,810,63120405'",com,love-free-phone-chat.blogspot.com,com,,34.0,0.0,0.0,3.9424387261281417,,,,,,bad
services-runescapc-forums-13-683-388-14.tk/,com,www.findoutsingles.blogspot.com,com,,32.0,0.0,0.0,3.9134007456613777,,,,,,bad
www.buffetcarvalhoesilva.com.br/modules/mod_search/tmpl/05/cliente.html,com,live-webcam-indian.blogspot.com,com,,32.0,0.0,0.0,4.0667842134731025,,,,,,bad
mdva18czp.blogspot.com/,ly,adf.ly,ly,2sLad,12.0,5.0,0.0,2.584962500721156,5201.0,2009,2023,2025,GB,bad